member_id,acquisition_channel,health_goal,rebill_day30,rebill_day60,rebill_day90,cancelled,ltv_day90
M00000,direct_shop,unknown,0,0,0,1,46.22
M00001,organic_search,unknown,1,1,1,0,200.47
M00002,paid_social,unknown,1,0,0,0,101.12
M00003,direct_shop,unknown,1,1,1,0,202.05
M00004,quiz,gut,1,0,0,0,105.72
M00005,quiz,gut,0,0,0,1,43.47
M00006,quiz,sleep,1,0,0,0,99.78
M00007,organic_search,unknown,0,0,0,1,53.57
M00008,direct_shop,unknown,1,1,1,0,199.59
M00009,paid_social,unknown,1,1,1,0,192.95
M00010,quiz,gut,1,0,0,0,96.11
M00011,organic_search,unknown,1,0,0,0,100.97
M00012,paid_social,unknown,0,0,0,1,50.87
M00013,quiz,gut,0,0,0,1,52.01
M00014,quiz,energy,1,0,0,1,97.64
M00015,quiz,gut,1,1,1,0,200.74
M00016,quiz,energy,1,0,0,0,97.14
M00017,direct_shop,unknown,1,1,0,0,150.75
M00018,direct_shop,unknown,1,1,0,0,150.13
M00019,quiz,gut,1,1,0,0,147.51
M00020,direct_shop,unknown,1,1,0,0,154.64
M00021,quiz,gut,0,0,0,1,44.87
M00022,quiz,gut,1,1,1,0,199.54
M00023,direct_shop,unknown,1,1,1,0,197.43
M00024,direct_shop,unknown,0,0,0,1,55.49
M00025,paid_social,unknown,1,1,1,0,201.76
M00026,quiz,gut,0,0,0,1,48.04
M00027,direct_shop,unknown,1,1,0,0,149.13
M00028,direct_shop,unknown,1,1,1,0,205.54
M00029,quiz,sleep,1,1,1,0,197.12
M00030,direct_shop,unknown,1,1,0,0,144.68
M00031,quiz,gut,0,0,0,1,50.86
M00032,quiz,energy,0,0,0,1,50.93
M00033,organic_search,unknown,0,0,0,1,51.99
M00034,organic_search,unknown,1,0,0,1,102.0
M00035,paid_social,unknown,0,0,0,1,55.3
M00036,quiz,gut,0,0,0,1,44.84
M00037,quiz,gut,0,0,0,1,46.38
M00038,paid_social,unknown,0,0,0,1,51.98
M00039,direct_shop,unknown,1,1,1,0,196.64
M00040,quiz,sleep,1,1,0,0,145.6
M00041,direct_shop,unknown,0,0,0,1,55.59
M00042,quiz,gut,1,0,0,0,95.12
M00043,organic_search,unknown,0,0,0,1,48.94
M00044,quiz,energy,0,0,0,1,49.81
M00045,paid_social,unknown,1,0,0,0,103.91
M00046,quiz,sleep,1,1,0,0,144.36
M00047,direct_shop,unknown,1,0,0,0,101.23
M00048,direct_shop,unknown,1,1,0,0,147.3
M00049,quiz,energy,1,1,1,0,201.84
M00050,organic_search,unknown,1,0,0,1,97.26
M00051,paid_social,unknown,1,1,1,0,204.68
M00052,organic_search,unknown,0,0,0,1,47.29
M00053,organic_search,unknown,0,0,0,1,42.6
M00054,direct_shop,unknown,1,1,1,0,197.59
M00055,organic_search,unknown,1,0,0,1,99.2
M00056,quiz,sleep,1,1,0,0,153.22
M00057,quiz,gut,0,0,0,1,46.21
M00058,quiz,gut,1,0,0,1,96.26
M00059,quiz,gut,1,0,0,0,102.86
M00060,direct_shop,unknown,0,0,0,1,45.86
M00061,quiz,energy,1,1,0,0,149.43
M00062,paid_social,unknown,1,1,1,0,199.48
M00063,direct_shop,unknown,0,0,0,1,50.64
M00064,quiz,sleep,1,1,0,0,147.72
M00065,direct_shop,unknown,1,1,1,0,197.18
M00066,quiz,gut,1,1,1,0,200.96
M00067,paid_social,unknown,0,0,0,1,47.3
M00068,quiz,energy,1,0,0,0,95.9
M00069,organic_search,unknown,1,1,1,0,203.64
M00070,paid_social,unknown,0,0,0,1,51.45
M00071,quiz,gut,1,1,0,0,155.27
M00072,quiz,energy,0,0,0,1,52.34
M00073,paid_social,unknown,0,0,0,1,46.19
M00074,paid_social,unknown,1,0,0,0,100.27
M00075,paid_social,unknown,1,1,0,0,146.92
M00076,paid_social,unknown,1,1,0,0,145.02
M00077,quiz,gut,1,1,1,0,198.62
M00078,direct_shop,unknown,0,0,0,1,52.93
M00079,quiz,sleep,1,1,0,0,150.79
M00080,organic_search,unknown,0,0,0,1,45.82
M00081,direct_shop,unknown,1,0,0,0,98.53
M00082,quiz,energy,1,1,0,0,149.54
M00083,quiz,gut,1,1,1,0,194.89
M00084,quiz,gut,1,1,0,0,152.11
M00085,quiz,gut,1,1,1,0,199.27
M00086,paid_social,unknown,1,0,0,1,95.81
M00087,direct_shop,unknown,1,1,1,0,195.62
M00088,organic_search,unknown,1,0,0,0,103.28
M00089,direct_shop,unknown,1,0,0,0,98.84
M00090,quiz,gut,0,0,0,1,53.56
M00091,paid_social,unknown,1,1,1,0,204.68
M00092,paid_social,unknown,0,0,0,1,53.06
M00093,direct_shop,unknown,0,0,0,1,48.39
M00094,paid_social,unknown,1,1,0,0,142.48
M00095,direct_shop,unknown,0,0,0,1,50.93
M00096,direct_shop,unknown,0,0,0,1,56.26
M00097,direct_shop,unknown,0,0,0,1,49.88
M00098,quiz,gut,1,1,0,0,144.0
M00099,quiz,sleep,1,1,0,0,147.95
M00100,quiz,energy,1,0,0,0,99.43
M00101,direct_shop,unknown,0,0,0,1,46.7
M00102,quiz,energy,1,1,0,0,142.28
M00103,direct_shop,unknown,1,0,0,0,99.69
M00104,organic_search,unknown,1,1,1,0,197.61
M00105,quiz,gut,1,0,0,0,105.3
M00106,direct_shop,unknown,0,0,0,1,50.29
M00107,paid_social,unknown,0,0,0,1,51.4
M00108,quiz,sleep,1,0,0,0,99.62
M00109,quiz,energy,0,0,0,1,50.27
M00110,quiz,gut,0,0,0,1,45.03
M00111,quiz,energy,1,0,0,1,96.86
M00112,organic_search,unknown,1,1,0,0,153.24
M00113,paid_social,unknown,0,0,0,1,50.62
M00114,direct_shop,unknown,0,0,0,1,48.79
M00115,organic_search,unknown,0,0,0,1,51.45
M00116,paid_social,unknown,1,0,0,0,101.5
M00117,quiz,energy,1,1,0,0,155.94
M00118,organic_search,unknown,0,0,0,1,50.48
M00119,direct_shop,unknown,1,1,0,0,146.78
M00120,paid_social,unknown,1,0,0,0,99.63
M00121,organic_search,unknown,1,1,0,0,151.79
M00122,quiz,gut,0,0,0,1,52.98
M00123,quiz,gut,1,0,0,1,95.13
M00124,quiz,gut,1,0,0,0,100.74
M00125,direct_shop,unknown,1,0,0,0,97.29
M00126,paid_social,unknown,1,1,0,0,148.27
M00127,organic_search,unknown,1,1,1,0,202.5
M00128,quiz,gut,0,0,0,1,52.23
M00129,direct_shop,unknown,0,0,0,1,47.96
M00130,direct_shop,unknown,0,0,0,1,49.52
M00131,quiz,sleep,1,0,0,0,98.37
M00132,quiz,sleep,0,0,0,1,58.67
M00133,quiz,energy,0,0,0,1,50.83
M00134,organic_search,unknown,1,0,0,1,97.46
M00135,quiz,gut,1,1,1,0,203.93
M00136,direct_shop,unknown,1,0,0,1,104.05
M00137,paid_social,unknown,0,0,0,1,55.37
M00138,direct_shop,unknown,1,1,0,0,156.23
M00139,organic_search,unknown,1,1,0,0,152.09
M00140,organic_search,unknown,1,1,1,0,198.91
M00141,quiz,gut,0,0,0,1,49.38
M00142,direct_shop,unknown,1,0,0,0,99.1
M00143,quiz,energy,1,1,0,0,148.76
M00144,quiz,energy,1,1,1,0,203.68
M00145,quiz,gut,1,0,0,1,99.98
M00146,direct_shop,unknown,1,1,0,0,152.88
M00147,direct_shop,unknown,1,1,0,0,152.0
M00148,quiz,energy,0,0,0,1,46.69
M00149,quiz,sleep,1,1,1,0,194.81
M00150,organic_search,unknown,1,1,1,0,196.25
M00151,quiz,gut,1,1,0,0,148.69
M00152,quiz,gut,0,0,0,1,50.39
M00153,direct_shop,unknown,1,1,1,0,198.02
M00154,organic_search,unknown,0,0,0,1,52.1
M00155,quiz,energy,1,1,0,0,148.39
M00156,paid_social,unknown,1,0,0,1,100.75
M00157,paid_social,unknown,1,0,0,1,100.33
M00158,quiz,gut,0,0,0,1,55.19
M00159,paid_social,unknown,0,0,0,1,47.06
M00160,direct_shop,unknown,1,1,1,0,206.59
M00161,direct_shop,unknown,1,0,0,0,98.2
M00162,direct_shop,unknown,1,1,0,0,145.95
M00163,direct_shop,unknown,0,0,0,1,49.34
M00164,quiz,gut,0,0,0,1,59.71
M00165,paid_social,unknown,1,1,0,0,152.66
M00166,quiz,gut,0,0,0,1,51.8
M00167,quiz,gut,1,1,0,0,152.36
M00168,quiz,energy,1,1,0,0,147.66
M00169,direct_shop,unknown,1,0,0,1,100.96
M00170,paid_social,unknown,0,0,0,1,50.0
M00171,quiz,energy,0,0,0,1,55.42
M00172,direct_shop,unknown,1,1,1,0,199.63
M00173,quiz,gut,1,0,0,0,98.85
M00174,direct_shop,unknown,1,1,1,0,196.47
M00175,quiz,sleep,0,0,0,1,50.41
M00176,paid_social,unknown,1,1,0,0,150.85
M00177,direct_shop,unknown,1,1,0,0,146.37
M00178,organic_search,unknown,1,1,0,0,151.33
M00179,quiz,sleep,0,0,0,1,50.69
M00180,quiz,sleep,1,1,1,0,203.0
M00181,quiz,gut,1,1,1,0,203.6
M00182,organic_search,unknown,1,0,0,0,100.26
M00183,organic_search,unknown,0,0,0,1,46.88
M00184,quiz,gut,1,0,0,0,97.49
M00185,paid_social,unknown,0,0,0,1,55.28
M00186,paid_social,unknown,0,0,0,1,50.49
M00187,direct_shop,unknown,0,0,0,1,55.23
M00188,direct_shop,unknown,1,1,0,0,151.47
M00189,quiz,sleep,0,0,0,1,52.25
M00190,quiz,energy,0,0,0,1,52.81
M00191,organic_search,unknown,1,1,1,0,196.29
M00192,organic_search,unknown,0,0,0,1,50.91
M00193,direct_shop,unknown,1,1,1,0,196.25
M00194,quiz,gut,1,0,0,0,99.13
M00195,quiz,gut,0,0,0,1,51.91
M00196,paid_social,unknown,1,0,0,1,96.9
M00197,organic_search,unknown,0,0,0,1,51.67
M00198,organic_search,unknown,1,1,0,0,145.47
M00199,paid_social,unknown,0,0,0,1,53.42
M00200,direct_shop,unknown,1,0,0,1,97.99
M00201,quiz,gut,1,1,1,0,196.88
M00202,quiz,sleep,1,1,1,0,195.65
M00203,organic_search,unknown,0,0,0,1,48.25
M00204,direct_shop,unknown,1,0,0,0,94.26
M00205,quiz,energy,1,1,1,0,198.31
M00206,quiz,gut,1,1,1,0,203.26
M00207,paid_social,unknown,0,0,0,1,49.42
M00208,quiz,gut,0,0,0,1,46.46
M00209,quiz,energy,0,0,0,1,50.67
M00210,direct_shop,unknown,0,0,0,1,50.4
M00211,paid_social,unknown,1,1,1,0,205.83
M00212,paid_social,unknown,1,1,1,0,202.33
M00213,quiz,sleep,1,1,0,0,150.89
M00214,paid_social,unknown,0,0,0,1,52.71
M00215,quiz,gut,1,0,0,0,99.58
M00216,quiz,energy,1,1,1,0,199.73
M00217,paid_social,unknown,0,0,0,1,54.97
M00218,direct_shop,unknown,0,0,0,1,45.08
M00219,paid_social,unknown,1,1,0,0,152.87
M00220,paid_social,unknown,1,1,0,0,149.64
M00221,direct_shop,unknown,0,0,0,1,49.12
M00222,quiz,sleep,0,0,0,1,48.33
M00223,direct_shop,unknown,0,0,0,1,50.45
M00224,quiz,gut,0,0,0,1,49.86
M00225,quiz,energy,1,1,1,0,198.72
M00226,organic_search,unknown,0,0,0,1,47.88
M00227,direct_shop,unknown,1,0,0,1,94.26
M00228,organic_search,unknown,1,1,1,0,197.79
M00229,direct_shop,unknown,0,0,0,1,48.45
M00230,paid_social,unknown,0,0,0,1,50.44
M00231,direct_shop,unknown,1,1,1,0,205.85
M00232,direct_shop,unknown,1,1,0,0,148.12
M00233,direct_shop,unknown,1,1,1,0,196.89
M00234,quiz,gut,1,1,0,0,147.83
M00235,paid_social,unknown,1,1,1,0,200.42
M00236,quiz,energy,1,1,0,0,151.74
M00237,quiz,energy,1,1,1,0,202.15
M00238,direct_shop,unknown,1,1,0,0,152.45
M00239,quiz,energy,0,0,0,1,52.9
M00240,organic_search,unknown,1,1,1,0,199.12
M00241,organic_search,unknown,0,0,0,1,56.15
M00242,organic_search,unknown,1,1,1,0,198.9
M00243,direct_shop,unknown,1,1,1,0,200.29
M00244,quiz,energy,1,0,0,1,103.87
M00245,organic_search,unknown,1,0,0,1,101.68
M00246,direct_shop,unknown,1,1,1,0,193.24
M00247,organic_search,unknown,0,0,0,1,50.01
M00248,organic_search,unknown,1,1,0,0,152.56
M00249,organic_search,unknown,1,0,0,1,95.95
M00250,quiz,gut,1,0,0,0,102.23
M00251,direct_shop,unknown,0,0,0,1,51.16
M00252,organic_search,unknown,0,0,0,1,53.54
M00253,quiz,sleep,0,0,0,1,47.91
M00254,quiz,energy,1,1,0,0,152.96
M00255,direct_shop,unknown,1,1,0,0,150.45
M00256,organic_search,unknown,0,0,0,1,55.29
M00257,paid_social,unknown,1,1,1,0,208.32
M00258,direct_shop,unknown,0,0,0,1,54.6
M00259,quiz,gut,0,0,0,1,51.43
M00260,direct_shop,unknown,1,1,0,0,156.93
M00261,organic_search,unknown,1,1,0,0,151.78
M00262,quiz,energy,1,0,0,1,97.26
M00263,direct_shop,unknown,1,0,0,0,99.86
M00264,organic_search,unknown,0,0,0,1,52.28
M00265,paid_social,unknown,1,1,1,0,202.44
M00266,paid_social,unknown,1,1,1,0,196.58
M00267,paid_social,unknown,1,1,0,0,146.69
M00268,direct_shop,unknown,0,0,0,1,48.97
M00269,quiz,energy,0,0,0,1,51.59
M00270,paid_social,unknown,1,1,0,0,151.96
M00271,paid_social,unknown,1,1,0,0,150.39
M00272,organic_search,unknown,0,0,0,1,47.49
M00273,organic_search,unknown,1,1,0,0,155.18
M00274,direct_shop,unknown,1,0,0,0,96.76
M00275,direct_shop,unknown,0,0,0,1,53.9
M00276,paid_social,unknown,1,1,0,0,152.19
M00277,direct_shop,unknown,1,0,0,1,103.82
M00278,paid_social,unknown,1,0,0,0,98.65
M00279,paid_social,unknown,0,0,0,1,49.56
M00280,organic_search,unknown,0,0,0,1,50.16
M00281,quiz,gut,1,0,0,0,98.55
M00282,direct_shop,unknown,1,0,0,1,100.66
M00283,quiz,sleep,1,0,0,1,104.72
M00284,direct_shop,unknown,1,1,1,0,196.07
M00285,quiz,sleep,1,1,0,0,148.0
M00286,direct_shop,unknown,1,1,1,0,197.66
M00287,direct_shop,unknown,0,0,0,1,49.71
M00288,quiz,gut,1,0,0,0,99.57
M00289,direct_shop,unknown,0,0,0,1,52.31
M00290,quiz,sleep,1,0,0,1,100.08
M00291,quiz,gut,0,0,0,1,50.9
M00292,paid_social,unknown,1,1,1,0,201.16
M00293,direct_shop,unknown,1,0,0,1,100.72
M00294,quiz,gut,1,1,0,0,152.08
M00295,direct_shop,unknown,0,0,0,1,49.62
M00296,paid_social,unknown,0,0,0,1,54.93
M00297,quiz,gut,0,0,0,1,57.61
M00298,direct_shop,unknown,1,1,0,0,152.09
M00299,quiz,sleep,1,1,1,0,200.64
M00300,quiz,energy,1,1,0,0,151.84
M00301,direct_shop,unknown,1,1,1,0,196.66
M00302,direct_shop,unknown,0,0,0,1,50.53
M00303,direct_shop,unknown,1,0,0,0,97.79
M00304,paid_social,unknown,1,0,0,0,101.51
M00305,organic_search,unknown,0,0,0,1,47.81
M00306,direct_shop,unknown,0,0,0,1,48.96
M00307,quiz,gut,1,1,1,0,194.34
M00308,paid_social,unknown,1,0,0,1,96.46
M00309,quiz,gut,0,0,0,1,51.05
M00310,direct_shop,unknown,0,0,0,1,47.38
M00311,quiz,energy,0,0,0,1,53.18
M00312,quiz,gut,0,0,0,1,47.13
M00313,organic_search,unknown,1,1,1,0,201.32
M00314,paid_social,unknown,1,1,1,0,197.67
M00315,paid_social,unknown,0,0,0,1,51.15
M00316,direct_shop,unknown,1,1,0,0,145.37
M00317,quiz,sleep,1,1,0,0,148.61
M00318,quiz,sleep,1,0,0,1,97.44
M00319,quiz,energy,0,0,0,1,52.64
M00320,direct_shop,unknown,1,1,0,0,151.36
M00321,paid_social,unknown,0,0,0,1,46.29
M00322,paid_social,unknown,1,1,0,0,149.36
M00323,quiz,sleep,0,0,0,1,47.67
M00324,organic_search,unknown,1,0,0,1,102.83
M00325,paid_social,unknown,1,1,0,0,153.78
M00326,direct_shop,unknown,0,0,0,1,45.67
M00327,direct_shop,unknown,1,1,1,0,202.44
M00328,direct_shop,unknown,0,0,0,1,47.52
M00329,quiz,gut,0,0,0,1,49.23
M00330,direct_shop,unknown,1,0,0,0,100.08
M00331,paid_social,unknown,1,1,1,0,205.41
M00332,quiz,sleep,0,0,0,1,46.98
M00333,quiz,energy,0,0,0,1,52.49
M00334,quiz,energy,1,0,0,1,96.47
M00335,quiz,gut,1,0,0,0,96.26
M00336,organic_search,unknown,1,1,1,0,200.05
M00337,paid_social,unknown,1,1,1,0,200.03
M00338,direct_shop,unknown,0,0,0,1,41.49
M00339,quiz,sleep,1,0,0,0,103.46
M00340,direct_shop,unknown,1,1,0,0,143.55
M00341,direct_shop,unknown,1,0,0,0,99.54
M00342,quiz,gut,0,0,0,1,53.97
M00343,direct_shop,unknown,0,0,0,1,56.62
M00344,direct_shop,unknown,1,1,1,0,198.87
M00345,direct_shop,unknown,1,1,1,0,195.66
M00346,direct_shop,unknown,0,0,0,1,53.86
M00347,quiz,gut,1,1,1,0,202.56
M00348,direct_shop,unknown,1,1,1,0,198.49
M00349,direct_shop,unknown,1,0,0,0,98.13
M00350,direct_shop,unknown,0,0,0,1,47.84
M00351,organic_search,unknown,0,0,0,1,48.96
M00352,paid_social,unknown,1,0,0,0,100.93
M00353,quiz,gut,1,0,0,1,98.28
M00354,quiz,energy,0,0,0,1,48.67
M00355,direct_shop,unknown,0,0,0,1,51.91
M00356,quiz,energy,1,0,0,0,95.53
M00357,direct_shop,unknown,0,0,0,1,48.86
M00358,organic_search,unknown,1,0,0,1,94.95
M00359,direct_shop,unknown,1,1,0,0,150.3
M00360,direct_shop,unknown,0,0,0,1,44.17
M00361,direct_shop,unknown,0,0,0,1,52.66
M00362,direct_shop,unknown,0,0,0,1,46.05
M00363,direct_shop,unknown,1,1,1,0,194.64
M00364,organic_search,unknown,1,1,1,0,198.87
M00365,direct_shop,unknown,1,1,1,0,205.09
M00366,organic_search,unknown,1,0,0,0,102.11
M00367,organic_search,unknown,0,0,0,1,44.22
M00368,quiz,energy,1,1,0,0,145.94
M00369,quiz,sleep,1,1,1,0,198.77
M00370,quiz,gut,1,1,1,0,206.68
M00371,quiz,energy,0,0,0,1,47.17
M00372,quiz,gut,1,1,0,0,147.18
M00373,paid_social,unknown,1,1,0,0,154.55
M00374,quiz,sleep,1,1,1,0,200.54
M00375,quiz,sleep,1,1,0,0,153.13
M00376,paid_social,unknown,1,1,1,0,197.78
M00377,quiz,energy,1,0,0,1,99.68
M00378,paid_social,unknown,1,1,1,0,203.91
M00379,quiz,energy,1,0,0,1,99.55
M00380,quiz,gut,1,1,0,0,153.34
M00381,paid_social,unknown,1,0,0,0,101.14
M00382,direct_shop,unknown,0,0,0,1,46.87
M00383,organic_search,unknown,1,1,0,0,149.92
M00384,paid_social,unknown,0,0,0,1,52.93
M00385,paid_social,unknown,0,0,0,1,52.0
M00386,quiz,gut,1,1,1,0,199.84
M00387,quiz,sleep,0,0,0,1,44.31
M00388,paid_social,unknown,1,1,0,0,144.58
M00389,paid_social,unknown,1,0,0,0,95.23
M00390,organic_search,unknown,1,1,0,0,148.44
M00391,direct_shop,unknown,1,1,0,0,148.84
M00392,direct_shop,unknown,1,1,0,0,145.54
M00393,paid_social,unknown,1,0,0,1,103.05
M00394,quiz,gut,1,1,0,0,146.18
M00395,organic_search,unknown,1,1,1,0,195.85
M00396,organic_search,unknown,1,1,1,0,200.22
M00397,direct_shop,unknown,0,0,0,1,52.91
M00398,paid_social,unknown,1,0,0,0,106.14
M00399,paid_social,unknown,1,1,1,0,201.71
M00400,quiz,gut,0,0,0,1,54.73
M00401,organic_search,unknown,1,1,0,0,146.33
M00402,direct_shop,unknown,0,0,0,1,56.47
M00403,paid_social,unknown,0,0,0,1,44.41
M00404,quiz,gut,1,0,0,1,98.47
M00405,organic_search,unknown,1,0,0,1,101.66
M00406,direct_shop,unknown,1,1,0,0,145.15
M00407,quiz,sleep,0,0,0,1,47.21
M00408,organic_search,unknown,1,0,0,1,96.72
M00409,quiz,gut,1,1,1,0,199.03
M00410,quiz,gut,1,0,0,1,104.24
M00411,organic_search,unknown,1,1,1,0,200.01
M00412,organic_search,unknown,0,0,0,1,48.6
M00413,direct_shop,unknown,1,1,0,0,141.32
M00414,direct_shop,unknown,1,1,1,0,201.36
M00415,direct_shop,unknown,1,0,0,0,102.35
M00416,quiz,energy,1,0,0,1,94.88
M00417,quiz,sleep,1,1,1,0,199.76
M00418,paid_social,unknown,1,0,0,0,100.56
M00419,paid_social,unknown,1,1,1,0,202.85
M00420,paid_social,unknown,1,1,1,0,197.79
M00421,paid_social,unknown,0,0,0,1,47.36
M00422,quiz,gut,1,1,1,0,198.59
M00423,direct_shop,unknown,1,1,0,0,153.82
M00424,quiz,gut,1,1,1,0,203.09
M00425,direct_shop,unknown,1,1,0,0,149.91
M00426,direct_shop,unknown,1,0,0,1,103.04
M00427,organic_search,unknown,0,0,0,1,42.88
M00428,direct_shop,unknown,1,0,0,0,102.35
M00429,quiz,gut,0,0,0,1,46.63
M00430,quiz,gut,1,1,1,0,205.26
M00431,paid_social,unknown,0,0,0,1,46.8
M00432,direct_shop,unknown,1,0,0,1,97.42
M00433,quiz,gut,1,1,0,0,151.66
M00434,quiz,energy,1,0,0,1,101.96
M00435,paid_social,unknown,1,0,0,1,98.64
M00436,quiz,energy,0,0,0,1,51.1
M00437,paid_social,unknown,0,0,0,1,51.48
M00438,paid_social,unknown,0,0,0,1,51.17
M00439,quiz,energy,0,0,0,1,48.78
M00440,quiz,gut,1,1,0,0,151.49
M00441,organic_search,unknown,1,0,0,0,104.2
M00442,direct_shop,unknown,1,0,0,1,96.3
M00443,direct_shop,unknown,1,1,1,0,197.44
M00444,paid_social,unknown,1,1,0,0,150.05
M00445,organic_search,unknown,0,0,0,1,46.82
M00446,organic_search,unknown,1,1,0,0,144.56
M00447,paid_social,unknown,1,1,1,0,203.24
M00448,direct_shop,unknown,1,1,0,0,143.28
M00449,quiz,sleep,1,1,1,0,198.75
M00450,paid_social,unknown,1,0,0,0,102.26
M00451,direct_shop,unknown,0,0,0,1,50.79
M00452,direct_shop,unknown,1,0,0,0,98.82
M00453,organic_search,unknown,0,0,0,1,46.7
M00454,quiz,gut,1,1,1,0,200.99
M00455,direct_shop,unknown,0,0,0,1,47.02
M00456,quiz,sleep,1,1,0,0,150.77
M00457,direct_shop,unknown,0,0,0,1,50.41
M00458,quiz,energy,0,0,0,1,50.44
M00459,quiz,gut,1,0,0,1,98.06
M00460,quiz,energy,1,1,1,0,206.07
M00461,direct_shop,unknown,1,0,0,1,101.05
M00462,paid_social,unknown,0,0,0,1,49.15
M00463,direct_shop,unknown,1,1,1,0,200.75
M00464,organic_search,unknown,1,1,1,0,197.64
M00465,direct_shop,unknown,1,1,1,0,198.8
M00466,quiz,gut,0,0,0,1,57.17
M00467,organic_search,unknown,1,0,0,0,97.68
M00468,quiz,energy,0,0,0,1,49.76
M00469,organic_search,unknown,0,0,0,1,48.62
M00470,quiz,gut,1,0,0,0,96.86
M00471,organic_search,unknown,1,1,1,0,201.22
M00472,quiz,gut,0,0,0,1,50.1
M00473,organic_search,unknown,0,0,0,1,52.72
M00474,direct_shop,unknown,1,1,1,0,202.39
M00475,organic_search,unknown,1,0,0,1,102.68
M00476,quiz,sleep,1,1,0,0,147.22
M00477,direct_shop,unknown,1,0,0,0,101.9
M00478,organic_search,unknown,1,1,0,0,151.97
M00479,direct_shop,unknown,1,0,0,0,96.92
M00480,direct_shop,unknown,0,0,0,1,49.03
M00481,paid_social,unknown,1,0,0,0,95.61
M00482,direct_shop,unknown,1,1,1,0,201.97
M00483,direct_shop,unknown,0,0,0,1,51.99
M00484,direct_shop,unknown,1,1,0,0,154.26
M00485,organic_search,unknown,1,1,1,0,199.27
M00486,quiz,gut,0,0,0,1,51.34
M00487,quiz,sleep,0,0,0,1,52.95
M00488,organic_search,unknown,1,1,1,0,197.7
M00489,organic_search,unknown,0,0,0,1,47.27
M00490,direct_shop,unknown,1,1,1,0,197.79
M00491,direct_shop,unknown,1,1,0,0,148.92
M00492,quiz,gut,1,1,0,0,147.36
M00493,quiz,energy,0,0,0,1,47.95
M00494,direct_shop,unknown,1,1,1,0,202.6
M00495,direct_shop,unknown,0,0,0,1,49.7
M00496,direct_shop,unknown,1,0,0,0,100.9
M00497,quiz,energy,1,1,1,0,198.31
M00498,organic_search,unknown,1,1,0,0,148.12
M00499,organic_search,unknown,0,0,0,1,50.85
M00500,paid_social,unknown,1,0,0,1,100.36
M00501,direct_shop,unknown,1,1,0,0,152.3
M00502,quiz,energy,0,0,0,1,53.89
M00503,paid_social,unknown,0,0,0,1,47.92
M00504,paid_social,unknown,1,1,0,0,152.55
M00505,quiz,gut,1,0,0,0,96.74
M00506,organic_search,unknown,1,1,1,0,206.18
M00507,paid_social,unknown,1,1,1,0,197.6
M00508,organic_search,unknown,0,0,0,1,52.06
M00509,paid_social,unknown,0,0,0,1,46.73
M00510,direct_shop,unknown,1,1,1,0,199.5
M00511,direct_shop,unknown,1,0,0,1,104.62
M00512,organic_search,unknown,1,1,0,0,147.52
M00513,organic_search,unknown,1,1,1,0,206.57
M00514,quiz,gut,0,0,0,1,49.97
M00515,quiz,gut,0,0,0,1,52.92
M00516,direct_shop,unknown,1,0,0,0,101.19
M00517,paid_social,unknown,0,0,0,1,51.36
M00518,organic_search,unknown,1,0,0,0,95.7
M00519,quiz,gut,0,0,0,1,48.57
M00520,direct_shop,unknown,1,0,0,0,103.57
M00521,direct_shop,unknown,0,0,0,1,48.96
M00522,organic_search,unknown,0,0,0,1,50.41
M00523,paid_social,unknown,1,0,0,0,95.34
M00524,paid_social,unknown,0,0,0,1,48.38
M00525,direct_shop,unknown,1,1,0,0,153.34
M00526,direct_shop,unknown,1,0,0,0,96.13
M00527,quiz,energy,1,1,0,0,152.12
M00528,quiz,sleep,1,1,1,0,200.49
M00529,organic_search,unknown,1,0,0,0,99.27
M00530,paid_social,unknown,1,0,0,1,99.14
M00531,organic_search,unknown,0,0,0,1,48.52
M00532,organic_search,unknown,0,0,0,1,48.78
M00533,direct_shop,unknown,0,0,0,1,52.78
M00534,paid_social,unknown,1,0,0,1,98.68
M00535,organic_search,unknown,0,0,0,1,55.41
M00536,paid_social,unknown,1,0,0,0,100.88
M00537,quiz,sleep,0,0,0,1,48.26
M00538,direct_shop,unknown,1,0,0,1,102.9
M00539,quiz,energy,1,1,1,0,201.83
M00540,organic_search,unknown,1,1,1,0,195.0
M00541,direct_shop,unknown,1,1,0,0,146.87
M00542,quiz,energy,0,0,0,1,49.64
M00543,paid_social,unknown,1,1,1,0,195.21
M00544,direct_shop,unknown,1,0,0,0,106.25
M00545,direct_shop,unknown,1,1,1,0,202.43
M00546,quiz,energy,0,0,0,1,49.95
M00547,paid_social,unknown,0,0,0,1,48.96
M00548,direct_shop,unknown,1,1,0,0,148.17
M00549,paid_social,unknown,0,0,0,1,44.1
M00550,direct_shop,unknown,1,1,1,0,194.76
M00551,organic_search,unknown,1,1,1,0,205.66
M00552,direct_shop,unknown,1,1,0,0,154.69
M00553,direct_shop,unknown,1,1,0,0,148.24
M00554,organic_search,unknown,1,0,0,0,102.7
M00555,direct_shop,unknown,1,0,0,1,101.5
M00556,quiz,gut,0,0,0,1,51.86
M00557,quiz,sleep,1,1,1,0,195.68
M00558,paid_social,unknown,1,0,0,0,94.56
M00559,direct_shop,unknown,1,1,0,0,153.52
M00560,paid_social,unknown,0,0,0,1,44.05
M00561,quiz,energy,1,1,1,0,199.52
M00562,quiz,energy,0,0,0,1,48.89
M00563,quiz,gut,1,1,0,0,148.59
M00564,direct_shop,unknown,1,1,1,0,200.9
M00565,direct_shop,unknown,1,1,1,0,197.93
M00566,direct_shop,unknown,1,1,0,0,151.16
M00567,direct_shop,unknown,0,0,0,1,50.41
M00568,organic_search,unknown,1,1,1,0,206.26
M00569,quiz,gut,1,1,0,0,145.81
M00570,direct_shop,unknown,1,1,1,0,200.05
M00571,paid_social,unknown,0,0,0,1,51.28
M00572,direct_shop,unknown,1,0,0,1,99.21
M00573,direct_shop,unknown,0,0,0,1,45.98
M00574,organic_search,unknown,0,0,0,1,53.76
M00575,organic_search,unknown,1,1,1,0,200.97
M00576,quiz,gut,1,0,0,0,96.18
M00577,organic_search,unknown,0,0,0,1,51.31
M00578,direct_shop,unknown,0,0,0,1,55.09
M00579,quiz,sleep,1,1,0,0,149.86
M00580,direct_shop,unknown,1,0,0,1,99.97
M00581,organic_search,unknown,1,0,0,1,104.68
M00582,direct_shop,unknown,0,0,0,1,47.08
M00583,quiz,energy,0,0,0,1,55.17
M00584,direct_shop,unknown,0,0,0,1,52.91
M00585,quiz,gut,1,1,0,0,147.2
M00586,quiz,sleep,1,1,0,0,147.97
M00587,quiz,gut,1,1,1,0,198.39
M00588,quiz,gut,1,0,0,1,94.48
M00589,quiz,gut,0,0,0,1,50.77
M00590,quiz,energy,0,0,0,1,47.35
M00591,direct_shop,unknown,0,0,0,1,50.88
M00592,quiz,sleep,1,0,0,1,96.11
M00593,quiz,gut,0,0,0,1,52.76
M00594,organic_search,unknown,1,0,0,0,102.19
M00595,direct_shop,unknown,1,1,0,0,147.85
M00596,paid_social,unknown,1,0,0,1,101.06
M00597,quiz,sleep,1,0,0,0,100.23
M00598,quiz,gut,0,0,0,1,54.44
M00599,quiz,sleep,1,0,0,0,96.88
M00600,quiz,energy,1,0,0,0,99.52
M00601,quiz,sleep,1,1,0,0,148.05
M00602,quiz,gut,1,0,0,1,100.11
M00603,quiz,sleep,1,0,0,1,101.58
M00604,quiz,energy,1,1,0,0,148.01
M00605,direct_shop,unknown,0,0,0,1,48.9
M00606,quiz,gut,1,0,0,1,102.88
M00607,direct_shop,unknown,1,0,0,1,104.05
M00608,direct_shop,unknown,1,1,1,0,201.44
M00609,paid_social,unknown,1,1,0,0,149.56
M00610,quiz,sleep,1,1,1,0,199.26
M00611,paid_social,unknown,1,0,0,0,101.62
M00612,direct_shop,unknown,1,0,0,0,100.66
M00613,quiz,gut,1,1,1,0,195.01
M00614,organic_search,unknown,1,0,0,1,101.7
M00615,organic_search,unknown,0,0,0,1,47.41
M00616,quiz,sleep,1,1,0,0,145.72
M00617,quiz,gut,1,1,0,0,144.96
M00618,paid_social,unknown,0,0,0,1,49.34
M00619,paid_social,unknown,0,0,0,1,46.94
M00620,quiz,energy,0,0,0,1,43.01
M00621,quiz,energy,0,0,0,1,48.91
M00622,direct_shop,unknown,0,0,0,1,48.52
M00623,direct_shop,unknown,1,1,1,0,199.51
M00624,direct_shop,unknown,1,0,0,0,98.09
M00625,direct_shop,unknown,1,1,0,0,155.46
M00626,direct_shop,unknown,1,0,0,0,101.53
M00627,paid_social,unknown,1,1,1,0,198.46
M00628,quiz,gut,0,0,0,1,49.8
M00629,quiz,gut,0,0,0,1,54.23
M00630,paid_social,unknown,1,1,1,0,202.83
M00631,organic_search,unknown,0,0,0,1,45.8
M00632,direct_shop,unknown,0,0,0,1,47.07
M00633,direct_shop,unknown,1,1,0,0,147.62
M00634,quiz,gut,1,1,1,0,198.64
M00635,direct_shop,unknown,1,0,0,0,98.19
M00636,direct_shop,unknown,1,1,1,0,200.06
M00637,quiz,gut,1,1,0,0,152.18
M00638,quiz,gut,1,1,1,0,202.67
M00639,direct_shop,unknown,1,1,1,0,198.98
M00640,quiz,energy,0,0,0,1,45.09
M00641,quiz,gut,1,1,0,0,146.85
M00642,quiz,gut,0,0,0,1,48.43
M00643,quiz,energy,1,0,0,1,96.24
M00644,quiz,gut,1,1,0,0,153.39
M00645,organic_search,unknown,0,0,0,1,46.45
M00646,direct_shop,unknown,1,1,0,0,151.82
M00647,paid_social,unknown,1,1,0,0,144.92
M00648,paid_social,unknown,0,0,0,1,51.96
M00649,direct_shop,unknown,0,0,0,1,49.57
M00650,quiz,sleep,0,0,0,1,54.53
M00651,direct_shop,unknown,1,0,0,0,96.59
M00652,direct_shop,unknown,1,1,1,0,198.27
M00653,paid_social,unknown,1,0,0,0,98.87
M00654,direct_shop,unknown,1,1,0,0,149.51
M00655,quiz,sleep,1,1,0,0,148.93
M00656,quiz,energy,1,1,1,0,198.98
M00657,direct_shop,unknown,1,1,1,0,198.93
M00658,direct_shop,unknown,1,0,0,0,93.77
M00659,direct_shop,unknown,1,1,0,0,152.95
M00660,direct_shop,unknown,1,1,0,0,158.55
M00661,organic_search,unknown,0,0,0,1,50.88
M00662,direct_shop,unknown,0,0,0,1,46.58
M00663,quiz,energy,1,0,0,1,96.88
M00664,quiz,sleep,1,1,1,0,201.8
M00665,quiz,gut,0,0,0,1,51.15
M00666,quiz,gut,1,1,0,0,149.12
M00667,quiz,gut,1,1,1,0,202.22
M00668,quiz,energy,0,0,0,1,43.8
M00669,quiz,gut,0,0,0,1,52.25
M00670,quiz,energy,1,0,0,1,100.69
M00671,organic_search,unknown,0,0,0,1,47.0
M00672,quiz,sleep,1,1,0,0,145.67
M00673,direct_shop,unknown,1,1,0,0,150.33
M00674,direct_shop,unknown,0,0,0,1,54.21
M00675,organic_search,unknown,1,1,1,0,199.28
M00676,quiz,sleep,1,1,0,0,147.41
M00677,direct_shop,unknown,0,0,0,1,50.56
M00678,organic_search,unknown,1,1,1,0,205.42
M00679,organic_search,unknown,1,0,0,0,101.27
M00680,paid_social,unknown,1,0,0,0,101.6
M00681,quiz,energy,1,1,0,0,153.64
M00682,quiz,gut,0,0,0,1,51.41
M00683,paid_social,unknown,1,0,0,1,97.64
M00684,organic_search,unknown,1,0,0,0,94.75
M00685,direct_shop,unknown,1,1,1,0,197.2
M00686,direct_shop,unknown,1,1,0,0,146.66
M00687,quiz,sleep,1,1,1,0,201.94
M00688,paid_social,unknown,1,0,0,0,102.38
M00689,quiz,energy,1,0,0,0,100.51
M00690,quiz,gut,1,1,0,0,146.16
M00691,direct_shop,unknown,1,1,1,0,205.32
M00692,direct_shop,unknown,1,1,0,0,148.72
M00693,quiz,gut,1,0,0,0,101.79
M00694,quiz,sleep,1,0,0,1,100.13
M00695,direct_shop,unknown,1,0,0,0,100.61
M00696,quiz,energy,0,0,0,1,51.69
M00697,direct_shop,unknown,1,0,0,1,97.89
M00698,quiz,sleep,0,0,0,1,53.91
M00699,direct_shop,unknown,0,0,0,1,45.25
M00700,direct_shop,unknown,1,0,0,1,96.86
M00701,quiz,sleep,1,1,0,0,153.85
M00702,quiz,energy,0,0,0,1,51.76
M00703,quiz,energy,0,0,0,1,57.61
M00704,quiz,gut,1,0,0,0,100.19
M00705,organic_search,unknown,1,0,0,1,105.08
M00706,quiz,gut,0,0,0,1,44.42
M00707,paid_social,unknown,1,1,1,0,195.72
M00708,quiz,gut,1,1,1,0,202.65
M00709,paid_social,unknown,1,0,0,1,94.76
M00710,paid_social,unknown,1,1,1,0,199.37
M00711,direct_shop,unknown,0,0,0,1,53.49
M00712,direct_shop,unknown,0,0,0,1,51.49
M00713,direct_shop,unknown,1,1,0,0,150.0
M00714,quiz,energy,1,0,0,0,98.63
M00715,organic_search,unknown,0,0,0,1,50.6
M00716,paid_social,unknown,1,1,0,0,151.7
M00717,organic_search,unknown,1,0,0,1,98.0
M00718,quiz,energy,1,1,1,0,201.08
M00719,paid_social,unknown,1,0,0,0,103.22
M00720,organic_search,unknown,1,1,0,0,149.3
M00721,quiz,sleep,1,1,1,0,200.16
M00722,quiz,gut,1,1,1,0,201.41
M00723,paid_social,unknown,1,1,1,0,201.61
M00724,direct_shop,unknown,1,1,0,0,152.61
M00725,paid_social,unknown,1,1,1,0,196.92
M00726,quiz,energy,1,1,1,0,198.37
M00727,paid_social,unknown,0,0,0,1,48.51
M00728,quiz,energy,1,0,0,1,97.27
M00729,quiz,energy,1,1,1,0,194.56
M00730,quiz,energy,1,0,0,1,90.22
M00731,paid_social,unknown,0,0,0,1,53.58
M00732,paid_social,unknown,0,0,0,1,45.33
M00733,direct_shop,unknown,1,1,1,0,204.66
M00734,direct_shop,unknown,1,1,1,0,202.18
M00735,organic_search,unknown,1,1,0,0,148.75
M00736,direct_shop,unknown,0,0,0,1,51.84
M00737,paid_social,unknown,0,0,0,1,51.27
M00738,direct_shop,unknown,1,1,0,0,146.66
M00739,direct_shop,unknown,1,1,0,0,149.93
M00740,direct_shop,unknown,1,1,1,0,197.02
M00741,quiz,gut,1,1,1,0,201.92
M00742,paid_social,unknown,1,1,0,0,147.82
M00743,direct_shop,unknown,1,0,0,1,99.69
M00744,quiz,energy,1,1,1,0,199.54
M00745,organic_search,unknown,1,0,0,0,100.34
M00746,direct_shop,unknown,1,1,0,0,154.96
M00747,direct_shop,unknown,1,1,1,0,199.24
M00748,organic_search,unknown,0,0,0,1,53.64
M00749,direct_shop,unknown,0,0,0,1,51.43
M00750,quiz,gut,1,0,0,0,104.24
M00751,organic_search,unknown,1,1,1,0,198.94
M00752,direct_shop,unknown,0,0,0,1,52.08
M00753,quiz,gut,1,0,0,1,99.8
M00754,quiz,gut,0,0,0,1,41.02
M00755,paid_social,unknown,1,1,0,0,146.7
M00756,direct_shop,unknown,0,0,0,1,51.74
M00757,direct_shop,unknown,0,0,0,1,51.54
M00758,organic_search,unknown,1,0,0,1,96.1
M00759,paid_social,unknown,1,1,1,0,200.62
M00760,quiz,energy,1,0,0,1,101.49
M00761,quiz,sleep,0,0,0,1,49.89
M00762,quiz,energy,1,1,1,0,202.15
M00763,paid_social,unknown,0,0,0,1,51.77
M00764,quiz,energy,0,0,0,1,49.88
M00765,direct_shop,unknown,0,0,0,1,48.46
M00766,paid_social,unknown,0,0,0,1,53.12
M00767,organic_search,unknown,1,1,0,0,151.36
M00768,quiz,energy,1,1,1,0,195.82
M00769,paid_social,unknown,1,1,1,0,200.62
M00770,quiz,energy,1,1,0,0,146.52
M00771,paid_social,unknown,1,0,0,1,97.09
M00772,quiz,gut,1,0,0,0,98.02
M00773,direct_shop,unknown,1,0,0,0,100.11
M00774,paid_social,unknown,0,0,0,1,51.11
M00775,quiz,gut,0,0,0,1,48.76
M00776,quiz,gut,1,1,1,0,198.86
M00777,paid_social,unknown,1,1,0,0,148.46
M00778,paid_social,unknown,1,1,1,0,203.1
M00779,direct_shop,unknown,1,1,0,0,141.41
M00780,paid_social,unknown,1,1,0,0,149.04
M00781,direct_shop,unknown,1,1,1,0,204.59
M00782,quiz,gut,1,1,1,0,201.51
M00783,quiz,gut,1,0,0,1,103.78
M00784,quiz,gut,1,0,0,0,93.88
M00785,organic_search,unknown,0,0,0,1,46.26
M00786,direct_shop,unknown,1,0,0,0,101.52
M00787,direct_shop,unknown,0,0,0,1,54.64
M00788,direct_shop,unknown,0,0,0,1,46.57
M00789,organic_search,unknown,1,1,1,0,198.8
M00790,quiz,gut,1,1,1,0,201.16
M00791,direct_shop,unknown,1,1,1,0,195.6
M00792,direct_shop,unknown,1,1,1,0,201.53
M00793,direct_shop,unknown,1,1,1,0,191.93
M00794,quiz,sleep,1,1,0,0,151.45
M00795,organic_search,unknown,1,0,0,0,96.99
M00796,organic_search,unknown,0,0,0,1,48.65
M00797,direct_shop,unknown,0,0,0,1,51.95
M00798,paid_social,unknown,1,1,0,0,151.31
M00799,organic_search,unknown,1,1,0,0,149.95
M00800,paid_social,unknown,0,0,0,1,52.9
M00801,quiz,gut,0,0,0,1,44.89
M00802,direct_shop,unknown,0,0,0,1,50.6
M00803,direct_shop,unknown,0,0,0,1,47.62
M00804,direct_shop,unknown,1,0,0,1,102.73
M00805,paid_social,unknown,1,0,0,1,102.04
M00806,organic_search,unknown,1,1,0,0,152.14
M00807,organic_search,unknown,1,0,0,1,104.92
M00808,direct_shop,unknown,0,0,0,1,53.37
M00809,quiz,gut,0,0,0,1,49.52
M00810,organic_search,unknown,1,1,1,0,199.96
M00811,paid_social,unknown,0,0,0,1,51.79
M00812,quiz,gut,1,0,0,1,100.39
M00813,organic_search,unknown,0,0,0,1,52.11
M00814,organic_search,unknown,0,0,0,1,43.3
M00815,direct_shop,unknown,0,0,0,1,55.63
M00816,direct_shop,unknown,0,0,0,1,50.17
M00817,direct_shop,unknown,1,1,0,0,145.1
M00818,quiz,energy,0,0,0,1,47.25
M00819,quiz,gut,1,1,1,0,193.57
M00820,paid_social,unknown,1,1,0,0,146.7
M00821,quiz,gut,0,0,0,1,49.56
M00822,quiz,energy,1,1,1,0,204.5
M00823,direct_shop,unknown,1,0,0,0,101.21
M00824,direct_shop,unknown,1,0,0,0,100.68
M00825,organic_search,unknown,0,0,0,1,46.58
M00826,quiz,gut,1,0,0,1,97.51
M00827,quiz,gut,1,1,1,0,197.72
M00828,paid_social,unknown,1,1,1,0,197.84
M00829,direct_shop,unknown,0,0,0,1,48.94
M00830,quiz,gut,0,0,0,1,49.16
M00831,direct_shop,unknown,1,0,0,0,98.96
M00832,quiz,gut,0,0,0,1,47.98
M00833,quiz,gut,1,0,0,0,100.39
M00834,direct_shop,unknown,0,0,0,1,49.05
M00835,direct_shop,unknown,1,1,0,0,145.18
M00836,organic_search,unknown,1,1,1,0,200.06
M00837,direct_shop,unknown,0,0,0,1,49.64
M00838,direct_shop,unknown,0,0,0,1,45.25
M00839,direct_shop,unknown,1,0,0,1,98.21
M00840,quiz,gut,1,0,0,0,101.77
M00841,paid_social,unknown,0,0,0,1,46.58
M00842,quiz,sleep,1,0,0,1,96.25
M00843,organic_search,unknown,0,0,0,1,49.02
M00844,quiz,energy,0,0,0,1,51.86
M00845,direct_shop,unknown,0,0,0,1,55.42
M00846,quiz,energy,1,0,0,1,101.96
M00847,organic_search,unknown,1,0,0,0,103.23
M00848,direct_shop,unknown,0,0,0,1,51.03
M00849,direct_shop,unknown,1,1,0,0,147.91
M00850,quiz,gut,1,1,0,0,151.93
M00851,paid_social,unknown,1,0,0,0,99.72
M00852,quiz,sleep,0,0,0,1,51.12
M00853,organic_search,unknown,0,0,0,1,47.15
M00854,quiz,gut,0,0,0,1,51.39
M00855,quiz,gut,1,0,0,0,99.62
M00856,quiz,energy,0,0,0,1,50.68
M00857,direct_shop,unknown,1,0,0,0,99.72
M00858,direct_shop,unknown,1,1,0,0,149.14
M00859,quiz,gut,1,0,0,0,101.43
M00860,paid_social,unknown,1,1,1,0,198.74
M00861,direct_shop,unknown,0,0,0,1,45.22
M00862,direct_shop,unknown,1,0,0,1,94.36
M00863,direct_shop,unknown,1,1,1,0,200.51
M00864,direct_shop,unknown,0,0,0,1,48.65
M00865,direct_shop,unknown,1,1,1,0,194.77
M00866,quiz,gut,1,1,0,0,150.29
M00867,quiz,energy,1,1,1,0,199.68
M00868,organic_search,unknown,0,0,0,1,48.49
M00869,organic_search,unknown,1,1,0,0,150.71
M00870,direct_shop,unknown,1,1,1,0,203.91
M00871,quiz,sleep,0,0,0,1,53.84
M00872,direct_shop,unknown,1,0,0,0,100.41
M00873,direct_shop,unknown,1,1,1,0,199.71
M00874,quiz,gut,0,0,0,1,50.46
M00875,quiz,energy,1,1,0,0,150.9
M00876,paid_social,unknown,0,0,0,1,49.19
M00877,paid_social,unknown,1,0,0,1,100.5
M00878,quiz,sleep,1,1,1,0,195.24
M00879,quiz,gut,1,1,0,0,150.21
M00880,quiz,gut,0,0,0,1,51.42
M00881,paid_social,unknown,0,0,0,1,48.52
M00882,quiz,gut,1,1,1,0,199.67
M00883,quiz,gut,0,0,0,1,46.66
M00884,paid_social,unknown,0,0,0,1,46.24
M00885,quiz,gut,1,1,1,0,200.59
M00886,paid_social,unknown,1,1,0,0,147.78
M00887,quiz,sleep,0,0,0,1,44.66
M00888,quiz,energy,1,1,0,0,146.63
M00889,quiz,energy,1,1,1,0,197.06
M00890,paid_social,unknown,1,1,0,0,152.29
M00891,organic_search,unknown,1,1,0,0,150.51
M00892,paid_social,unknown,1,0,0,0,97.37
M00893,direct_shop,unknown,1,0,0,0,98.22
M00894,paid_social,unknown,0,0,0,1,53.93
M00895,quiz,gut,1,0,0,0,102.79
M00896,quiz,sleep,1,1,0,0,146.62
M00897,organic_search,unknown,0,0,0,1,53.48
M00898,quiz,sleep,1,0,0,1,99.74
M00899,quiz,sleep,1,1,1,0,202.36
M00900,quiz,gut,0,0,0,1,49.5
M00901,quiz,energy,1,0,0,1,103.54
M00902,quiz,gut,1,1,1,0,196.48
M00903,direct_shop,unknown,1,1,0,0,149.2
M00904,direct_shop,unknown,1,1,1,0,203.61
M00905,organic_search,unknown,0,0,0,1,42.81
M00906,paid_social,unknown,0,0,0,1,49.85
M00907,quiz,gut,1,1,1,0,198.78
M00908,quiz,gut,0,0,0,1,52.04
M00909,direct_shop,unknown,1,1,1,0,203.17
M00910,direct_shop,unknown,1,1,0,0,152.16
M00911,quiz,energy,1,0,0,1,100.7
M00912,direct_shop,unknown,1,0,0,1,100.1
M00913,direct_shop,unknown,0,0,0,1,48.96
M00914,direct_shop,unknown,1,1,0,0,150.6
M00915,direct_shop,unknown,1,0,0,1,104.36
M00916,quiz,energy,0,0,0,1,47.5
M00917,organic_search,unknown,1,1,0,0,148.76
M00918,paid_social,unknown,0,0,0,1,49.76
M00919,quiz,gut,0,0,0,1,52.99
M00920,organic_search,unknown,0,0,0,1,50.66
M00921,direct_shop,unknown,0,0,0,1,52.94
M00922,organic_search,unknown,1,1,1,0,203.06
M00923,paid_social,unknown,1,1,1,0,201.74
M00924,direct_shop,unknown,1,0,0,1,96.79
M00925,quiz,gut,1,1,0,0,154.95
M00926,quiz,gut,0,0,0,1,54.23
M00927,direct_shop,unknown,1,1,1,0,200.15
M00928,direct_shop,unknown,1,1,1,0,195.81
M00929,quiz,gut,1,1,0,0,145.29
M00930,quiz,gut,0,0,0,1,50.75
M00931,paid_social,unknown,1,1,1,0,197.85
M00932,organic_search,unknown,1,0,0,1,94.83
M00933,direct_shop,unknown,0,0,0,1,45.25
M00934,quiz,gut,1,0,0,1,98.57
M00935,quiz,energy,0,0,0,1,50.57
M00936,quiz,gut,1,0,0,1,104.2
M00937,organic_search,unknown,1,0,0,0,101.43
M00938,quiz,gut,0,0,0,1,48.85
M00939,direct_shop,unknown,1,0,0,1,101.12
M00940,quiz,gut,1,1,0,0,150.84
M00941,direct_shop,unknown,1,1,0,0,152.19
M00942,paid_social,unknown,0,0,0,1,49.87
M00943,paid_social,unknown,1,1,1,0,203.07
M00944,quiz,sleep,1,1,0,0,152.44
M00945,quiz,energy,1,0,0,1,100.23
M00946,quiz,energy,0,0,0,1,49.63
M00947,organic_search,unknown,1,1,0,0,152.73
M00948,organic_search,unknown,1,1,0,0,147.83
M00949,direct_shop,unknown,1,0,0,1,95.46
M00950,direct_shop,unknown,0,0,0,1,45.45
M00951,paid_social,unknown,1,1,0,0,147.58
M00952,quiz,gut,1,1,1,0,201.94
M00953,organic_search,unknown,1,1,1,0,198.69
M00954,direct_shop,unknown,0,0,0,1,50.6
M00955,direct_shop,unknown,1,1,1,0,198.47
M00956,direct_shop,unknown,1,0,0,1,98.52
M00957,quiz,energy,0,0,0,1,46.91
M00958,quiz,gut,1,0,0,0,99.7
M00959,paid_social,unknown,0,0,0,1,49.46
M00960,quiz,energy,1,1,1,0,201.2
M00961,direct_shop,unknown,1,0,0,1,100.84
M00962,quiz,sleep,1,0,0,1,99.39
M00963,direct_shop,unknown,0,0,0,1,45.47
M00964,quiz,energy,0,0,0,1,53.2
M00965,direct_shop,unknown,1,0,0,1,99.72
M00966,paid_social,unknown,1,1,1,0,200.2
M00967,quiz,sleep,0,0,0,1,54.79
M00968,direct_shop,unknown,0,0,0,1,52.71
M00969,direct_shop,unknown,1,1,0,0,151.31
M00970,paid_social,unknown,1,1,1,0,199.95
M00971,organic_search,unknown,0,0,0,1,49.96
M00972,paid_social,unknown,1,0,0,0,100.7
M00973,quiz,energy,1,1,0,0,151.19
M00974,quiz,gut,1,0,0,0,105.11
M00975,quiz,sleep,1,0,0,0,107.4
M00976,direct_shop,unknown,0,0,0,1,50.86
M00977,quiz,gut,1,1,1,0,193.5
M00978,direct_shop,unknown,0,0,0,1,47.13
M00979,direct_shop,unknown,1,0,0,1,105.41
M00980,quiz,energy,1,1,0,0,152.13
M00981,paid_social,unknown,1,1,1,0,201.24
M00982,quiz,gut,0,0,0,1,49.49
M00983,quiz,gut,1,1,0,0,146.4
M00984,paid_social,unknown,0,0,0,1,55.02
M00985,direct_shop,unknown,0,0,0,1,47.52
M00986,paid_social,unknown,1,1,0,0,152.16
M00987,direct_shop,unknown,1,0,0,1,96.08
M00988,quiz,gut,1,1,1,0,199.31
M00989,paid_social,unknown,1,1,0,0,152.95
M00990,paid_social,unknown,1,0,0,0,99.23
M00991,paid_social,unknown,1,1,0,0,148.86
M00992,quiz,gut,1,0,0,0,100.01
M00993,direct_shop,unknown,0,0,0,1,45.98
M00994,direct_shop,unknown,1,1,0,0,145.4
M00995,quiz,gut,1,0,0,1,102.12
M00996,organic_search,unknown,1,0,0,0,98.71
M00997,quiz,energy,1,1,0,0,152.09
M00998,organic_search,unknown,1,0,0,1,103.33
M00999,direct_shop,unknown,0,0,0,1,53.59
M01000,quiz,gut,0,0,0,1,45.13
M01001,direct_shop,unknown,1,1,1,0,197.87
M01002,organic_search,unknown,0,0,0,1,51.6
M01003,paid_social,unknown,1,0,0,1,101.64
M01004,paid_social,unknown,1,1,1,0,206.71
M01005,paid_social,unknown,1,0,0,0,97.26
M01006,paid_social,unknown,1,0,0,0,103.48
M01007,paid_social,unknown,0,0,0,1,51.11
M01008,quiz,gut,1,1,1,0,195.04
M01009,direct_shop,unknown,0,0,0,1,48.35
M01010,quiz,energy,1,1,1,0,200.75
M01011,organic_search,unknown,1,0,0,1,94.87
M01012,organic_search,unknown,1,0,0,0,93.76
M01013,quiz,gut,0,0,0,1,44.71
M01014,paid_social,unknown,0,0,0,1,50.77
M01015,organic_search,unknown,0,0,0,1,48.54
M01016,quiz,energy,1,1,0,0,148.11
M01017,direct_shop,unknown,1,0,0,0,98.22
M01018,organic_search,unknown,1,1,1,0,195.69
M01019,quiz,energy,1,0,0,1,98.61
M01020,paid_social,unknown,1,1,0,0,144.51
M01021,quiz,sleep,1,1,1,0,203.52
M01022,organic_search,unknown,1,0,0,0,105.06
M01023,organic_search,unknown,1,1,0,0,142.99
M01024,organic_search,unknown,1,1,1,0,198.55
M01025,direct_shop,unknown,0,0,0,1,48.78
M01026,organic_search,unknown,1,1,0,0,149.45
M01027,paid_social,unknown,1,1,0,0,152.97
M01028,quiz,energy,1,1,1,0,198.56
M01029,paid_social,unknown,1,1,1,0,199.7
M01030,quiz,gut,1,0,0,1,108.92
M01031,direct_shop,unknown,1,1,0,0,149.64
M01032,quiz,energy,1,1,1,0,205.26
M01033,quiz,gut,1,1,0,0,151.48
M01034,quiz,gut,1,1,1,0,198.3
M01035,paid_social,unknown,0,0,0,1,47.83
M01036,quiz,energy,1,1,1,0,199.94
M01037,paid_social,unknown,1,1,0,0,146.59
M01038,quiz,gut,1,1,1,0,197.37
M01039,quiz,energy,1,1,0,0,148.7
M01040,direct_shop,unknown,0,0,0,1,50.87
M01041,paid_social,unknown,0,0,0,1,55.47
M01042,quiz,sleep,0,0,0,1,48.54
M01043,direct_shop,unknown,1,0,0,1,101.36
M01044,organic_search,unknown,1,1,1,0,195.08
M01045,direct_shop,unknown,0,0,0,1,53.17
M01046,quiz,sleep,1,1,0,0,144.8
M01047,quiz,sleep,1,1,0,0,152.37
M01048,organic_search,unknown,1,1,1,0,199.72
M01049,quiz,gut,1,0,0,0,99.62
M01050,organic_search,unknown,1,1,1,0,199.06
M01051,direct_shop,unknown,0,0,0,1,46.09
M01052,organic_search,unknown,1,0,0,1,96.24
M01053,paid_social,unknown,0,0,0,1,52.5
M01054,organic_search,unknown,0,0,0,1,50.03
M01055,direct_shop,unknown,1,1,0,0,149.05
M01056,paid_social,unknown,0,0,0,1,51.32
M01057,direct_shop,unknown,1,0,0,0,100.28
M01058,direct_shop,unknown,0,0,0,1,47.61
M01059,direct_shop,unknown,1,1,1,0,207.34
M01060,organic_search,unknown,1,0,0,0,102.2
M01061,organic_search,unknown,0,0,0,1,50.37
M01062,paid_social,unknown,1,1,0,0,148.43
M01063,direct_shop,unknown,1,1,0,0,152.83
M01064,direct_shop,unknown,1,1,1,0,197.6
M01065,paid_social,unknown,1,0,0,1,97.36
M01066,quiz,gut,1,1,0,0,155.05
M01067,quiz,energy,1,1,1,0,200.05
M01068,direct_shop,unknown,1,1,0,0,147.68
M01069,quiz,gut,0,0,0,1,50.01
M01070,quiz,energy,1,1,0,0,152.52
M01071,quiz,energy,1,0,0,1,101.84
M01072,quiz,energy,0,0,0,1,52.91
M01073,quiz,gut,0,0,0,1,46.24
M01074,organic_search,unknown,0,0,0,1,52.84
M01075,direct_shop,unknown,0,0,0,1,49.45
M01076,direct_shop,unknown,1,0,0,1,100.25
M01077,paid_social,unknown,1,0,0,0,103.61
M01078,quiz,gut,0,0,0,1,52.1
M01079,organic_search,unknown,1,0,0,0,101.03
M01080,paid_social,unknown,1,1,1,0,194.01
M01081,quiz,gut,1,0,0,0,99.84
M01082,direct_shop,unknown,0,0,0,1,47.64
M01083,organic_search,unknown,0,0,0,1,52.12
M01084,organic_search,unknown,1,0,0,0,102.95
M01085,direct_shop,unknown,0,0,0,1,49.08
M01086,direct_shop,unknown,1,0,0,1,97.98
M01087,quiz,gut,1,0,0,1,104.65
M01088,organic_search,unknown,1,1,0,0,148.16
M01089,quiz,sleep,1,1,1,0,196.38
M01090,organic_search,unknown,1,1,1,0,197.46
M01091,direct_shop,unknown,1,1,0,0,148.31
M01092,direct_shop,unknown,0,0,0,1,47.41
M01093,direct_shop,unknown,1,1,0,0,152.51
M01094,quiz,gut,1,0,0,0,93.39
M01095,quiz,gut,1,1,0,0,147.32
M01096,quiz,gut,1,1,1,0,199.82
M01097,quiz,energy,0,0,0,1,50.62
M01098,paid_social,unknown,1,1,0,0,155.05
M01099,direct_shop,unknown,0,0,0,1,54.63
M01100,quiz,energy,1,0,0,0,95.18
M01101,organic_search,unknown,1,1,1,0,194.24
M01102,organic_search,unknown,0,0,0,1,50.06
M01103,organic_search,unknown,0,0,0,1,47.97
M01104,organic_search,unknown,1,0,0,0,96.4
M01105,quiz,gut,1,1,1,0,200.01
M01106,direct_shop,unknown,0,0,0,1,50.68
M01107,paid_social,unknown,1,0,0,0,97.46
M01108,paid_social,unknown,1,0,0,0,98.11
M01109,quiz,gut,1,1,0,0,147.68
M01110,paid_social,unknown,1,1,1,0,198.73
M01111,quiz,gut,1,0,0,0,101.6
M01112,quiz,gut,1,1,1,0,196.73
M01113,direct_shop,unknown,0,0,0,1,48.07
M01114,direct_shop,unknown,1,0,0,0,98.78
M01115,direct_shop,unknown,1,0,0,0,99.96
M01116,quiz,energy,0,0,0,1,50.82
M01117,organic_search,unknown,0,0,0,1,56.12
M01118,quiz,energy,1,1,0,0,151.69
M01119,quiz,gut,1,1,1,0,201.75
M01120,organic_search,unknown,1,0,0,1,99.18
M01121,organic_search,unknown,1,0,0,0,97.04
M01122,organic_search,unknown,1,0,0,1,98.4
M01123,paid_social,unknown,0,0,0,1,47.86
M01124,paid_social,unknown,0,0,0,1,51.17
M01125,direct_shop,unknown,1,1,1,0,195.01
M01126,quiz,gut,1,0,0,0,101.76
M01127,direct_shop,unknown,1,0,0,0,99.63
M01128,direct_shop,unknown,0,0,0,1,52.19
M01129,quiz,sleep,1,1,1,0,197.79
M01130,paid_social,unknown,0,0,0,1,47.29
M01131,direct_shop,unknown,1,1,1,0,198.74
M01132,quiz,gut,1,1,0,0,148.68
M01133,quiz,energy,1,1,1,0,202.38
M01134,paid_social,unknown,1,1,1,0,202.35
M01135,quiz,gut,1,1,1,0,205.68
M01136,organic_search,unknown,1,0,0,0,98.49
M01137,direct_shop,unknown,1,1,0,0,139.93
M01138,direct_shop,unknown,1,0,0,0,98.75
M01139,direct_shop,unknown,1,1,0,0,150.66
M01140,paid_social,unknown,1,1,1,0,202.1
M01141,quiz,gut,1,0,0,0,100.89
M01142,paid_social,unknown,0,0,0,1,48.5
M01143,direct_shop,unknown,1,1,1,0,205.1
M01144,quiz,gut,1,1,0,0,146.87
M01145,organic_search,unknown,0,0,0,1,49.17
M01146,paid_social,unknown,1,0,0,1,96.74
M01147,paid_social,unknown,1,0,0,0,100.04
M01148,organic_search,unknown,0,0,0,1,54.76
M01149,organic_search,unknown,1,1,0,0,149.55
M01150,paid_social,unknown,1,1,1,0,199.56
M01151,paid_social,unknown,1,0,0,0,94.89
M01152,paid_social,unknown,0,0,0,1,49.13
M01153,paid_social,unknown,1,1,0,0,153.42
M01154,direct_shop,unknown,1,1,1,0,199.21
M01155,paid_social,unknown,1,1,0,0,149.02
M01156,quiz,energy,1,1,0,0,153.29
M01157,organic_search,unknown,1,0,0,1,99.04
M01158,organic_search,unknown,1,0,0,0,103.86
M01159,quiz,sleep,0,0,0,1,46.14
M01160,paid_social,unknown,1,1,1,0,201.99
M01161,quiz,gut,1,0,0,1,104.92
M01162,quiz,gut,0,0,0,1,53.01
M01163,paid_social,unknown,0,0,0,1,44.39
M01164,quiz,gut,1,1,0,0,148.06
M01165,paid_social,unknown,0,0,0,1,49.26
M01166,paid_social,unknown,1,1,1,0,202.99
M01167,direct_shop,unknown,0,0,0,1,46.0
M01168,quiz,gut,1,0,0,1,96.92
M01169,quiz,gut,1,1,1,0,195.14
M01170,direct_shop,unknown,1,1,1,0,197.48
M01171,organic_search,unknown,1,1,0,0,146.22
M01172,direct_shop,unknown,1,1,0,0,154.76
M01173,quiz,gut,0,0,0,1,48.05
M01174,direct_shop,unknown,1,0,0,0,102.05
M01175,direct_shop,unknown,1,1,0,0,150.02
M01176,paid_social,unknown,1,1,0,0,149.98
M01177,quiz,energy,1,0,0,1,98.21
M01178,paid_social,unknown,0,0,0,1,52.3
M01179,direct_shop,unknown,1,1,1,0,200.42
M01180,organic_search,unknown,0,0,0,1,50.28
M01181,quiz,gut,1,1,1,0,198.18
M01182,direct_shop,unknown,1,1,1,0,198.67
M01183,organic_search,unknown,1,1,1,0,201.73
M01184,quiz,gut,1,0,0,1,100.67
M01185,organic_search,unknown,1,1,0,0,150.34
M01186,paid_social,unknown,0,0,0,1,47.73
M01187,quiz,sleep,0,0,0,1,55.82
M01188,quiz,gut,1,1,1,0,198.52
M01189,paid_social,unknown,1,1,0,0,149.88
M01190,quiz,sleep,0,0,0,1,49.43
M01191,direct_shop,unknown,0,0,0,1,55.85
M01192,quiz,gut,1,0,0,1,99.11
M01193,direct_shop,unknown,1,0,0,1,98.83
M01194,quiz,sleep,1,1,0,0,150.32
M01195,organic_search,unknown,0,0,0,1,47.91
M01196,organic_search,unknown,1,0,0,1,100.31
M01197,organic_search,unknown,1,0,0,0,107.09
M01198,paid_social,unknown,0,0,0,1,50.89
M01199,quiz,energy,1,0,0,0,100.77
M01200,paid_social,unknown,0,0,0,1,47.84
M01201,quiz,sleep,1,0,0,0,105.11
M01202,quiz,sleep,1,1,1,0,205.78
M01203,quiz,gut,1,0,0,0,102.54
M01204,direct_shop,unknown,1,1,1,0,201.92
M01205,paid_social,unknown,1,1,1,0,199.26
M01206,paid_social,unknown,1,1,1,0,201.13
M01207,direct_shop,unknown,1,1,1,0,197.45
M01208,quiz,sleep,0,0,0,1,46.61
M01209,organic_search,unknown,0,0,0,1,45.53
M01210,direct_shop,unknown,0,0,0,1,51.22
M01211,direct_shop,unknown,1,0,0,0,95.84
M01212,quiz,gut,0,0,0,1,48.49
M01213,paid_social,unknown,1,0,0,0,99.8
M01214,paid_social,unknown,1,0,0,0,102.97
M01215,quiz,gut,1,1,0,0,148.24
M01216,quiz,gut,1,1,1,0,203.3
M01217,paid_social,unknown,1,1,0,0,152.79
M01218,paid_social,unknown,0,0,0,1,46.78
M01219,quiz,energy,1,1,1,0,203.33
M01220,organic_search,unknown,0,0,0,1,49.14
M01221,quiz,gut,1,1,1,0,198.46
M01222,direct_shop,unknown,1,0,0,0,99.14
M01223,organic_search,unknown,1,1,1,0,199.95
M01224,direct_shop,unknown,1,1,1,0,198.71
M01225,direct_shop,unknown,1,1,0,0,147.45
M01226,direct_shop,unknown,1,0,0,0,97.73
M01227,quiz,energy,1,0,0,1,100.4
M01228,organic_search,unknown,1,1,0,0,149.49
M01229,direct_shop,unknown,1,1,0,0,151.55
M01230,organic_search,unknown,1,0,0,0,100.14
M01231,quiz,energy,0,0,0,1,50.22
M01232,quiz,energy,0,0,0,1,51.77
M01233,quiz,sleep,0,0,0,1,54.25
M01234,paid_social,unknown,1,0,0,0,104.36
M01235,direct_shop,unknown,1,1,0,0,153.99
M01236,organic_search,unknown,0,0,0,1,52.6
M01237,direct_shop,unknown,0,0,0,1,56.25
M01238,organic_search,unknown,1,1,1,0,201.27
M01239,quiz,gut,0,0,0,1,50.97
M01240,organic_search,unknown,0,0,0,1,56.72
M01241,paid_social,unknown,1,1,1,0,191.78
M01242,paid_social,unknown,1,0,0,0,99.34
M01243,paid_social,unknown,1,1,1,0,203.72
M01244,paid_social,unknown,0,0,0,1,52.93
M01245,direct_shop,unknown,1,1,1,0,207.66
M01246,quiz,gut,0,0,0,1,50.31
M01247,quiz,gut,1,0,0,1,98.69
M01248,organic_search,unknown,1,1,0,0,148.97
M01249,direct_shop,unknown,1,1,0,0,150.92
M01250,paid_social,unknown,0,0,0,1,54.85
M01251,direct_shop,unknown,1,1,1,0,204.86
M01252,quiz,gut,0,0,0,1,49.82
M01253,quiz,gut,0,0,0,1,50.75
M01254,paid_social,unknown,1,1,0,0,148.14
M01255,direct_shop,unknown,0,0,0,1,48.47
M01256,quiz,gut,1,1,1,0,203.1
M01257,direct_shop,unknown,1,0,0,0,104.79
M01258,quiz,gut,0,0,0,1,47.9
M01259,direct_shop,unknown,1,0,0,0,100.71
M01260,quiz,sleep,1,1,1,0,199.23
M01261,paid_social,unknown,0,0,0,1,52.58
M01262,quiz,energy,1,1,1,0,198.79
M01263,direct_shop,unknown,1,1,0,0,144.19
M01264,quiz,gut,0,0,0,1,53.0
M01265,quiz,energy,1,1,0,0,149.06
M01266,direct_shop,unknown,0,0,0,1,49.39
M01267,direct_shop,unknown,1,1,0,0,151.28
M01268,direct_shop,unknown,1,1,0,0,151.03
M01269,quiz,gut,1,1,0,0,151.34
M01270,paid_social,unknown,0,0,0,1,45.1
M01271,organic_search,unknown,1,1,1,0,201.63
M01272,paid_social,unknown,1,0,0,0,94.25
M01273,quiz,gut,0,0,0,1,52.3
M01274,direct_shop,unknown,1,1,1,0,203.32
M01275,quiz,energy,0,0,0,1,45.88
M01276,quiz,gut,1,1,0,0,150.96
M01277,organic_search,unknown,0,0,0,1,53.16
M01278,quiz,gut,0,0,0,1,48.64
M01279,direct_shop,unknown,1,0,0,0,102.0
M01280,direct_shop,unknown,1,0,0,1,91.62
M01281,paid_social,unknown,0,0,0,1,53.28
M01282,direct_shop,unknown,1,1,1,0,200.05
M01283,quiz,sleep,0,0,0,1,49.22
M01284,quiz,sleep,1,1,1,0,202.91
M01285,direct_shop,unknown,0,0,0,1,55.18
M01286,quiz,energy,1,1,0,0,151.43
M01287,direct_shop,unknown,1,0,0,1,104.81
M01288,quiz,energy,1,1,1,0,195.3
M01289,quiz,energy,0,0,0,1,51.99
M01290,direct_shop,unknown,1,0,0,1,99.58
M01291,quiz,gut,1,1,0,0,147.61
M01292,direct_shop,unknown,1,1,1,0,194.17
M01293,paid_social,unknown,1,1,0,0,151.81
M01294,paid_social,unknown,1,0,0,1,102.61
M01295,quiz,gut,1,0,0,1,104.01
M01296,quiz,gut,0,0,0,1,53.52
M01297,quiz,gut,1,0,0,0,97.66
M01298,direct_shop,unknown,1,1,1,0,203.83
M01299,paid_social,unknown,1,1,1,0,204.15
M01300,quiz,energy,1,0,0,1,99.2
M01301,organic_search,unknown,1,0,0,1,100.07
M01302,quiz,gut,1,1,0,0,147.17
M01303,direct_shop,unknown,0,0,0,1,54.43
M01304,paid_social,unknown,1,0,0,0,95.44
M01305,organic_search,unknown,0,0,0,1,51.59
M01306,paid_social,unknown,0,0,0,1,48.2
M01307,paid_social,unknown,1,1,1,0,196.64
M01308,quiz,sleep,1,0,0,0,94.36
M01309,paid_social,unknown,0,0,0,1,49.34
M01310,quiz,sleep,0,0,0,1,46.2
M01311,organic_search,unknown,1,0,0,0,100.15
M01312,direct_shop,unknown,0,0,0,1,55.3
M01313,paid_social,unknown,0,0,0,1,50.59
M01314,direct_shop,unknown,0,0,0,1,55.98
M01315,direct_shop,unknown,1,0,0,1,97.03
M01316,direct_shop,unknown,0,0,0,1,46.15
M01317,paid_social,unknown,0,0,0,1,46.91
M01318,quiz,energy,1,0,0,0,99.78
M01319,quiz,energy,1,1,0,0,158.14
M01320,quiz,sleep,0,0,0,1,45.0
M01321,quiz,gut,0,0,0,1,51.85
M01322,organic_search,unknown,1,0,0,0,97.88
M01323,quiz,energy,1,1,1,0,199.29
M01324,organic_search,unknown,0,0,0,1,46.22
M01325,quiz,gut,1,0,0,1,102.62
M01326,quiz,energy,0,0,0,1,49.86
M01327,paid_social,unknown,1,1,0,0,153.23
M01328,paid_social,unknown,1,0,0,1,100.51
M01329,direct_shop,unknown,0,0,0,1,44.2
M01330,direct_shop,unknown,1,1,1,0,203.25
M01331,paid_social,unknown,1,0,0,1,93.94
M01332,quiz,gut,0,0,0,1,44.38
M01333,organic_search,unknown,0,0,0,1,47.24
M01334,organic_search,unknown,1,1,0,0,147.26
M01335,paid_social,unknown,0,0,0,1,54.18
M01336,quiz,sleep,0,0,0,1,49.48
M01337,paid_social,unknown,1,0,0,1,103.72
M01338,quiz,sleep,0,0,0,1,48.29
M01339,quiz,gut,0,0,0,1,50.94
M01340,quiz,gut,1,1,1,0,201.38
M01341,direct_shop,unknown,1,0,0,1,102.07
M01342,organic_search,unknown,1,1,0,0,148.58
M01343,paid_social,unknown,1,1,1,0,198.83
M01344,paid_social,unknown,0,0,0,1,49.1
M01345,direct_shop,unknown,0,0,0,1,45.03
M01346,quiz,sleep,1,1,1,0,199.71
M01347,direct_shop,unknown,1,1,0,0,148.82
M01348,organic_search,unknown,1,0,0,0,101.72
M01349,quiz,gut,0,0,0,1,50.26
M01350,organic_search,unknown,0,0,0,1,54.0
M01351,direct_shop,unknown,1,1,0,0,150.18
M01352,direct_shop,unknown,1,1,1,0,198.27
M01353,paid_social,unknown,0,0,0,1,50.16
M01354,direct_shop,unknown,1,0,0,0,102.15
M01355,organic_search,unknown,0,0,0,1,44.67
M01356,organic_search,unknown,1,0,0,0,97.83
M01357,direct_shop,unknown,1,0,0,0,97.9
M01358,quiz,sleep,1,1,1,0,201.19
M01359,direct_shop,unknown,0,0,0,1,51.57
M01360,organic_search,unknown,1,1,0,0,150.27
M01361,quiz,energy,1,1,1,0,192.52
M01362,direct_shop,unknown,0,0,0,1,45.03
M01363,direct_shop,unknown,0,0,0,1,49.27
M01364,paid_social,unknown,0,0,0,1,48.49
M01365,quiz,gut,1,0,0,1,100.0
M01366,paid_social,unknown,1,1,0,0,148.56
M01367,organic_search,unknown,1,1,1,0,204.55
M01368,quiz,gut,1,0,0,0,93.1
M01369,quiz,gut,0,0,0,1,50.9
M01370,organic_search,unknown,1,0,0,0,102.46
M01371,quiz,energy,1,1,0,0,152.07
M01372,organic_search,unknown,0,0,0,1,52.35
M01373,direct_shop,unknown,1,1,0,0,152.76
M01374,quiz,gut,1,1,1,0,198.15
M01375,organic_search,unknown,1,0,0,1,96.68
M01376,direct_shop,unknown,0,0,0,1,43.89
M01377,direct_shop,unknown,1,1,0,0,148.88
M01378,direct_shop,unknown,0,0,0,1,47.66
M01379,direct_shop,unknown,0,0,0,1,53.47
M01380,quiz,energy,1,0,0,0,99.12
M01381,direct_shop,unknown,1,1,1,0,196.87
M01382,organic_search,unknown,1,0,0,1,96.41
M01383,quiz,gut,0,0,0,1,55.96
M01384,paid_social,unknown,1,0,0,0,99.91
M01385,quiz,energy,1,1,1,0,197.62
M01386,paid_social,unknown,1,1,0,0,150.34
M01387,quiz,sleep,1,1,1,0,205.65
M01388,organic_search,unknown,0,0,0,1,48.82
M01389,direct_shop,unknown,0,0,0,1,52.05
M01390,quiz,sleep,1,1,1,0,203.52
M01391,quiz,gut,0,0,0,1,44.32
M01392,quiz,sleep,1,1,0,0,148.05
M01393,direct_shop,unknown,1,0,0,1,103.16
M01394,quiz,energy,1,1,0,0,147.87
M01395,paid_social,unknown,0,0,0,1,51.23
M01396,direct_shop,unknown,0,0,0,1,47.71
M01397,quiz,energy,1,0,0,1,98.64
M01398,direct_shop,unknown,1,1,0,0,148.27
M01399,paid_social,unknown,1,0,0,0,101.89
M01400,quiz,sleep,1,1,1,0,200.56
M01401,quiz,gut,1,1,1,0,200.26
M01402,quiz,gut,0,0,0,1,57.51
M01403,paid_social,unknown,0,0,0,1,55.21
M01404,paid_social,unknown,1,1,1,0,194.02
M01405,direct_shop,unknown,0,0,0,1,48.66
M01406,paid_social,unknown,0,0,0,1,57.27
M01407,paid_social,unknown,1,1,0,0,148.25
M01408,direct_shop,unknown,1,1,0,0,156.23
M01409,organic_search,unknown,1,1,0,0,148.69
M01410,quiz,sleep,0,0,0,1,49.29
M01411,quiz,gut,1,0,0,0,102.57
M01412,quiz,sleep,0,0,0,1,49.72
M01413,quiz,sleep,1,0,0,0,101.46
M01414,direct_shop,unknown,1,0,0,0,104.7
M01415,organic_search,unknown,0,0,0,1,52.27
M01416,quiz,gut,1,0,0,0,100.4
M01417,quiz,sleep,1,0,0,1,105.0
M01418,direct_shop,unknown,1,1,0,0,152.6
M01419,organic_search,unknown,1,1,0,0,147.77
M01420,quiz,gut,1,1,1,0,205.9
M01421,direct_shop,unknown,1,0,0,0,101.91
M01422,quiz,energy,0,0,0,1,49.35
M01423,quiz,energy,1,1,1,0,193.9
M01424,organic_search,unknown,1,1,0,0,145.84
M01425,organic_search,unknown,1,0,0,0,105.08
M01426,quiz,sleep,1,0,0,1,105.2
M01427,organic_search,unknown,0,0,0,1,50.25
M01428,direct_shop,unknown,1,1,0,0,144.66
M01429,organic_search,unknown,1,1,0,0,146.71
M01430,direct_shop,unknown,1,0,0,0,95.11
M01431,direct_shop,unknown,0,0,0,1,45.01
M01432,direct_shop,unknown,1,1,0,0,156.05
M01433,paid_social,unknown,1,1,1,0,206.14
M01434,quiz,gut,1,1,0,0,146.61
M01435,quiz,gut,0,0,0,1,49.96
M01436,quiz,energy,1,1,1,0,196.11
M01437,paid_social,unknown,0,0,0,1,49.94
M01438,quiz,energy,1,0,0,1,104.9
M01439,paid_social,unknown,1,1,0,0,153.21
M01440,organic_search,unknown,1,0,0,1,102.41
M01441,quiz,energy,0,0,0,1,49.41
M01442,paid_social,unknown,0,0,0,1,53.78
M01443,direct_shop,unknown,1,0,0,0,101.92
M01444,organic_search,unknown,1,1,1,0,201.17
M01445,quiz,gut,0,0,0,1,49.64
M01446,paid_social,unknown,0,0,0,1,50.95
M01447,paid_social,unknown,1,1,0,0,150.83
M01448,organic_search,unknown,0,0,0,1,48.37
M01449,paid_social,unknown,1,0,0,0,97.66
M01450,direct_shop,unknown,1,0,0,0,96.99
M01451,direct_shop,unknown,1,1,0,0,147.17
M01452,organic_search,unknown,0,0,0,1,49.43
M01453,direct_shop,unknown,1,1,1,0,198.9
M01454,quiz,gut,1,1,0,0,148.11
M01455,organic_search,unknown,1,1,1,0,197.88
M01456,paid_social,unknown,1,0,0,1,100.86
M01457,paid_social,unknown,1,1,1,0,204.09
M01458,quiz,gut,1,1,1,0,199.93
M01459,paid_social,unknown,1,1,1,0,199.73
M01460,direct_shop,unknown,0,0,0,1,47.19
M01461,paid_social,unknown,1,1,1,0,199.29
M01462,quiz,sleep,1,0,0,1,103.55
M01463,paid_social,unknown,0,0,0,1,53.1
M01464,organic_search,unknown,1,1,0,0,152.87
M01465,quiz,gut,1,1,1,0,202.77
M01466,organic_search,unknown,0,0,0,1,51.3
M01467,direct_shop,unknown,1,0,0,1,101.18
M01468,organic_search,unknown,0,0,0,1,50.72
M01469,paid_social,unknown,1,0,0,1,98.73
M01470,direct_shop,unknown,0,0,0,1,50.24
M01471,paid_social,unknown,1,1,1,0,200.61
M01472,organic_search,unknown,1,1,0,0,151.87
M01473,direct_shop,unknown,0,0,0,1,50.29
M01474,quiz,gut,1,0,0,0,106.3
M01475,paid_social,unknown,1,0,0,0,96.35
M01476,paid_social,unknown,0,0,0,1,52.25
M01477,paid_social,unknown,1,0,0,1,99.86
M01478,paid_social,unknown,1,1,0,0,149.98
M01479,direct_shop,unknown,0,0,0,1,47.55
M01480,paid_social,unknown,0,0,0,1,53.05
M01481,quiz,sleep,1,1,1,0,201.92
M01482,direct_shop,unknown,1,1,0,0,152.47
M01483,quiz,gut,1,1,1,0,200.47
M01484,quiz,sleep,1,1,0,0,149.0
M01485,direct_shop,unknown,1,0,0,0,99.78
M01486,direct_shop,unknown,1,1,0,0,151.27
M01487,paid_social,unknown,0,0,0,1,43.97
M01488,direct_shop,unknown,1,1,1,0,202.58
M01489,direct_shop,unknown,1,0,0,0,107.26
M01490,quiz,energy,1,1,1,0,201.4
M01491,direct_shop,unknown,1,1,0,0,149.13
M01492,quiz,sleep,0,0,0,1,49.51
M01493,quiz,gut,1,0,0,1,102.1
M01494,direct_shop,unknown,1,1,1,0,199.19
M01495,paid_social,unknown,1,1,1,0,202.57
M01496,direct_shop,unknown,0,0,0,1,49.47
M01497,direct_shop,unknown,1,1,1,0,205.1
M01498,direct_shop,unknown,1,1,0,0,155.03
M01499,organic_search,unknown,1,1,0,0,148.98
M01500,direct_shop,unknown,1,1,1,0,199.72
M01501,direct_shop,unknown,1,1,1,0,199.89
M01502,quiz,gut,0,0,0,1,49.96
M01503,quiz,energy,1,0,0,0,97.14
M01504,direct_shop,unknown,1,1,1,0,196.7
M01505,direct_shop,unknown,0,0,0,1,53.74
M01506,direct_shop,unknown,1,0,0,0,103.25
M01507,direct_shop,unknown,0,0,0,1,53.21
M01508,direct_shop,unknown,1,1,0,0,149.76
M01509,paid_social,unknown,1,1,0,0,155.65
M01510,paid_social,unknown,1,0,0,0,99.91
M01511,paid_social,unknown,1,0,0,1,102.57
M01512,organic_search,unknown,1,1,1,0,195.79
M01513,quiz,sleep,1,1,1,0,199.27
M01514,quiz,energy,1,0,0,0,99.51
M01515,quiz,gut,1,1,1,0,199.76
M01516,direct_shop,unknown,1,0,0,0,96.0
M01517,organic_search,unknown,1,1,1,0,202.07
M01518,quiz,energy,1,1,0,0,153.06
M01519,organic_search,unknown,0,0,0,1,47.76
M01520,quiz,energy,1,1,0,0,146.53
M01521,organic_search,unknown,1,1,1,0,197.65
M01522,direct_shop,unknown,0,0,0,1,51.48
M01523,quiz,energy,1,0,0,0,98.19
M01524,direct_shop,unknown,0,0,0,1,49.59
M01525,quiz,energy,0,0,0,1,46.77
M01526,quiz,sleep,1,1,0,0,155.91
M01527,quiz,energy,0,0,0,1,50.21
M01528,paid_social,unknown,1,1,0,0,153.42
M01529,direct_shop,unknown,0,0,0,1,51.47
M01530,quiz,gut,1,1,1,0,199.83
M01531,direct_shop,unknown,1,1,1,0,199.68
M01532,paid_social,unknown,1,0,0,0,97.8
M01533,quiz,gut,0,0,0,1,48.64
M01534,direct_shop,unknown,1,1,0,0,146.95
M01535,quiz,gut,1,0,0,0,96.63
M01536,quiz,gut,1,0,0,1,106.24
M01537,paid_social,unknown,1,0,0,1,100.82
M01538,quiz,gut,0,0,0,1,54.39
M01539,direct_shop,unknown,1,1,0,0,147.59
M01540,paid_social,unknown,0,0,0,1,46.24
M01541,quiz,gut,1,1,0,0,147.04
M01542,direct_shop,unknown,1,0,0,0,98.71
M01543,quiz,gut,0,0,0,1,50.1
M01544,organic_search,unknown,0,0,0,1,49.54
M01545,direct_shop,unknown,1,1,0,0,147.65
M01546,paid_social,unknown,1,0,0,0,100.24
M01547,direct_shop,unknown,1,1,0,0,150.5
M01548,quiz,gut,1,0,0,0,102.09
M01549,direct_shop,unknown,1,1,0,0,154.38
M01550,organic_search,unknown,1,0,0,0,98.89
M01551,direct_shop,unknown,1,0,0,1,103.63
M01552,paid_social,unknown,1,1,1,0,200.16
M01553,organic_search,unknown,1,0,0,1,95.4
M01554,quiz,sleep,1,0,0,1,105.33
M01555,quiz,sleep,1,0,0,0,106.8
M01556,direct_shop,unknown,1,0,0,1,101.84
M01557,direct_shop,unknown,1,1,1,0,200.23
M01558,paid_social,unknown,1,1,1,0,199.15
M01559,organic_search,unknown,0,0,0,1,48.6
M01560,direct_shop,unknown,1,1,1,0,203.59
M01561,quiz,gut,1,0,0,0,99.93
M01562,paid_social,unknown,1,1,0,0,154.99
M01563,quiz,sleep,1,1,1,0,200.06
M01564,paid_social,unknown,1,1,0,0,148.73
M01565,direct_shop,unknown,0,0,0,1,48.19
M01566,paid_social,unknown,0,0,0,1,47.76
M01567,quiz,energy,1,1,1,0,201.5
M01568,direct_shop,unknown,0,0,0,1,46.11
M01569,direct_shop,unknown,1,0,0,1,97.52
M01570,direct_shop,unknown,1,1,0,0,153.94
M01571,quiz,gut,0,0,0,1,47.13
M01572,paid_social,unknown,0,0,0,1,52.58
M01573,organic_search,unknown,1,1,0,0,143.78
M01574,quiz,gut,0,0,0,1,54.34
M01575,quiz,energy,1,1,1,0,196.15
M01576,quiz,energy,1,1,0,0,147.34
M01577,direct_shop,unknown,1,1,1,0,202.0
M01578,direct_shop,unknown,0,0,0,1,50.8
M01579,direct_shop,unknown,0,0,0,1,52.67
M01580,quiz,energy,1,0,0,0,96.15
M01581,direct_shop,unknown,1,1,0,0,149.11
M01582,direct_shop,unknown,0,0,0,1,48.14
M01583,direct_shop,unknown,0,0,0,1,46.66
M01584,organic_search,unknown,0,0,0,1,51.78
M01585,quiz,gut,1,1,1,0,202.79
M01586,paid_social,unknown,1,1,0,0,148.96
M01587,direct_shop,unknown,1,0,0,1,104.55
M01588,direct_shop,unknown,1,1,1,0,197.6
M01589,paid_social,unknown,0,0,0,1,54.49
M01590,paid_social,unknown,0,0,0,1,51.68
M01591,organic_search,unknown,0,0,0,1,46.32
M01592,quiz,gut,1,1,1,0,205.9
M01593,quiz,gut,1,0,0,0,98.65
M01594,paid_social,unknown,0,0,0,1,53.61
M01595,direct_shop,unknown,1,0,0,1,100.42
M01596,quiz,gut,0,0,0,1,51.11
M01597,quiz,gut,1,1,1,0,202.66
M01598,quiz,gut,0,0,0,1,52.53
M01599,organic_search,unknown,1,1,0,0,148.94
M01600,quiz,sleep,1,1,1,0,201.55
M01601,quiz,sleep,1,0,0,0,101.35
M01602,quiz,gut,1,0,0,0,100.62
M01603,direct_shop,unknown,1,1,1,0,199.35
M01604,quiz,sleep,1,0,0,0,100.61
M01605,direct_shop,unknown,1,1,0,0,155.87
M01606,quiz,gut,0,0,0,1,49.1
M01607,paid_social,unknown,0,0,0,1,53.61
M01608,quiz,gut,1,0,0,0,98.12
M01609,direct_shop,unknown,1,1,1,0,197.32
M01610,organic_search,unknown,1,1,1,0,209.79
M01611,paid_social,unknown,0,0,0,1,51.61
M01612,direct_shop,unknown,1,1,1,0,201.66
M01613,quiz,gut,0,0,0,1,51.78
M01614,quiz,energy,1,1,1,0,204.18
M01615,paid_social,unknown,0,0,0,1,51.21
M01616,organic_search,unknown,0,0,0,1,52.44
M01617,paid_social,unknown,1,1,0,0,146.79
M01618,direct_shop,unknown,1,0,0,0,102.93
M01619,paid_social,unknown,1,1,1,0,199.25
M01620,direct_shop,unknown,0,0,0,1,52.01
M01621,quiz,sleep,0,0,0,1,44.84
M01622,direct_shop,unknown,1,0,0,1,101.87
M01623,organic_search,unknown,1,1,0,0,143.24
M01624,quiz,energy,0,0,0,1,49.16
M01625,paid_social,unknown,0,0,0,1,44.87
M01626,quiz,gut,0,0,0,1,51.89
M01627,direct_shop,unknown,1,0,0,0,100.19
M01628,quiz,energy,0,0,0,1,47.68
M01629,direct_shop,unknown,1,1,1,0,204.26
M01630,paid_social,unknown,1,1,1,0,197.27
M01631,quiz,gut,1,1,1,0,190.87
M01632,paid_social,unknown,1,0,0,1,101.52
M01633,paid_social,unknown,1,0,0,0,94.68
M01634,organic_search,unknown,1,1,1,0,197.36
M01635,quiz,sleep,0,0,0,1,48.44
M01636,direct_shop,unknown,1,1,1,0,195.69
M01637,quiz,energy,1,0,0,1,98.5
M01638,organic_search,unknown,1,1,1,0,195.74
M01639,organic_search,unknown,1,0,0,0,100.47
M01640,direct_shop,unknown,0,0,0,1,46.3
M01641,paid_social,unknown,0,0,0,1,50.08
M01642,direct_shop,unknown,0,0,0,1,53.48
M01643,direct_shop,unknown,1,0,0,0,102.33
M01644,quiz,gut,0,0,0,1,49.74
M01645,paid_social,unknown,1,1,0,0,147.0
M01646,quiz,energy,0,0,0,1,50.47
M01647,paid_social,unknown,0,0,0,1,47.9
M01648,paid_social,unknown,1,1,1,0,200.56
M01649,paid_social,unknown,0,0,0,1,44.84
M01650,quiz,energy,1,1,0,0,152.39
M01651,quiz,gut,1,0,0,1,100.08
M01652,quiz,energy,0,0,0,1,56.62
M01653,direct_shop,unknown,1,0,0,0,103.9
M01654,quiz,gut,1,1,1,0,201.66
M01655,organic_search,unknown,0,0,0,1,49.62
M01656,direct_shop,unknown,0,0,0,1,47.8
M01657,quiz,energy,1,1,1,0,202.79
M01658,direct_shop,unknown,0,0,0,1,49.3
M01659,direct_shop,unknown,0,0,0,1,53.5
M01660,direct_shop,unknown,1,1,1,0,201.16
M01661,direct_shop,unknown,1,1,1,0,201.18
M01662,organic_search,unknown,1,1,1,0,201.74
M01663,direct_shop,unknown,1,1,0,0,147.21
M01664,organic_search,unknown,0,0,0,1,46.92
M01665,organic_search,unknown,1,1,0,0,146.8
M01666,quiz,sleep,0,0,0,1,53.13
M01667,organic_search,unknown,1,1,1,0,197.12
M01668,quiz,sleep,1,1,1,0,197.5
M01669,paid_social,unknown,0,0,0,1,51.6
M01670,direct_shop,unknown,1,1,1,0,199.2
M01671,organic_search,unknown,1,1,1,0,198.82
M01672,organic_search,unknown,0,0,0,1,48.59
M01673,paid_social,unknown,1,0,0,0,93.0
M01674,paid_social,unknown,1,1,0,0,147.07
M01675,quiz,energy,0,0,0,1,53.53
M01676,quiz,energy,0,0,0,1,48.37
M01677,direct_shop,unknown,0,0,0,1,44.29
M01678,quiz,gut,1,0,0,0,96.96
M01679,paid_social,unknown,1,1,1,0,201.04
M01680,quiz,energy,0,0,0,1,51.01
M01681,organic_search,unknown,1,1,1,0,199.08
M01682,direct_shop,unknown,0,0,0,1,47.92
M01683,paid_social,unknown,0,0,0,1,45.78
M01684,quiz,gut,1,1,1,0,201.06
M01685,organic_search,unknown,0,0,0,1,52.5
M01686,organic_search,unknown,1,1,0,0,153.84
M01687,direct_shop,unknown,1,0,0,0,96.65
M01688,direct_shop,unknown,1,1,1,0,204.06
M01689,paid_social,unknown,0,0,0,1,49.82
M01690,quiz,gut,1,0,0,0,100.06
M01691,direct_shop,unknown,1,1,1,0,202.64
M01692,direct_shop,unknown,0,0,0,1,48.37
M01693,quiz,gut,1,1,1,0,193.47
M01694,direct_shop,unknown,0,0,0,1,52.1
M01695,quiz,gut,1,1,1,0,201.01
M01696,quiz,energy,1,0,0,1,98.9
M01697,quiz,gut,0,0,0,1,51.86
M01698,organic_search,unknown,0,0,0,1,52.47
M01699,direct_shop,unknown,1,0,0,0,95.44
M01700,organic_search,unknown,1,0,0,0,100.05
M01701,direct_shop,unknown,1,1,0,0,143.14
M01702,quiz,energy,1,1,1,0,199.59
M01703,direct_shop,unknown,0,0,0,1,48.87
M01704,direct_shop,unknown,0,0,0,1,51.47
M01705,quiz,gut,1,0,0,1,96.76
M01706,direct_shop,unknown,1,0,0,0,98.72
M01707,quiz,gut,0,0,0,1,40.34
M01708,direct_shop,unknown,0,0,0,1,51.66
M01709,paid_social,unknown,1,0,0,1,99.71
M01710,quiz,energy,1,1,1,0,200.22
M01711,quiz,gut,1,1,1,0,195.48
M01712,paid_social,unknown,1,1,1,0,201.15
M01713,direct_shop,unknown,1,0,0,0,104.94
M01714,quiz,gut,0,0,0,1,49.44
M01715,organic_search,unknown,1,0,0,1,101.93
M01716,quiz,energy,1,1,0,0,147.36
M01717,paid_social,unknown,1,1,1,0,199.73
M01718,organic_search,unknown,0,0,0,1,45.4
M01719,quiz,gut,1,1,1,0,202.32
M01720,quiz,sleep,1,0,0,1,100.46
M01721,quiz,gut,0,0,0,1,46.33
M01722,quiz,gut,1,0,0,1,97.57
M01723,quiz,energy,1,1,1,0,200.14
M01724,paid_social,unknown,1,0,0,1,102.75
M01725,quiz,gut,0,0,0,1,54.43
M01726,direct_shop,unknown,0,0,0,1,49.59
M01727,organic_search,unknown,1,0,0,0,95.89
M01728,paid_social,unknown,1,0,0,1,100.7
M01729,direct_shop,unknown,1,0,0,1,105.33
M01730,quiz,gut,1,1,0,0,145.1
M01731,direct_shop,unknown,0,0,0,1,47.13
M01732,direct_shop,unknown,1,0,0,0,101.81
M01733,direct_shop,unknown,1,1,0,0,150.43
M01734,quiz,gut,0,0,0,1,48.35
M01735,organic_search,unknown,0,0,0,1,50.65
M01736,direct_shop,unknown,1,1,1,0,202.89
M01737,quiz,gut,1,1,0,0,149.67
M01738,direct_shop,unknown,1,0,0,0,99.42
M01739,direct_shop,unknown,1,1,1,0,201.73
M01740,paid_social,unknown,1,0,0,0,99.17
M01741,paid_social,unknown,1,1,0,0,153.4
M01742,paid_social,unknown,1,1,0,0,156.05
M01743,quiz,sleep,0,0,0,1,47.31
M01744,direct_shop,unknown,1,1,0,0,146.22
M01745,direct_shop,unknown,1,1,0,0,151.09
M01746,quiz,gut,0,0,0,1,46.13
M01747,quiz,energy,1,0,0,0,96.07
M01748,paid_social,unknown,1,0,0,0,93.83
M01749,quiz,sleep,1,1,1,0,198.81
M01750,direct_shop,unknown,1,1,1,0,199.86
M01751,quiz,gut,0,0,0,1,48.44
M01752,quiz,sleep,1,0,0,1,104.15
M01753,quiz,gut,1,1,1,0,203.91
M01754,organic_search,unknown,1,0,0,0,105.77
M01755,paid_social,unknown,0,0,0,1,50.13
M01756,organic_search,unknown,1,0,0,1,103.53
M01757,direct_shop,unknown,1,0,0,0,100.91
M01758,quiz,sleep,1,1,1,0,200.59
M01759,direct_shop,unknown,0,0,0,1,48.59
M01760,direct_shop,unknown,1,0,0,1,93.19
M01761,paid_social,unknown,1,1,1,0,201.87
M01762,quiz,gut,1,0,0,0,103.44
M01763,direct_shop,unknown,0,0,0,1,45.41
M01764,quiz,energy,0,0,0,1,49.96
M01765,quiz,gut,0,0,0,1,52.96
M01766,paid_social,unknown,1,0,0,1,98.9
M01767,direct_shop,unknown,1,1,1,0,203.54
M01768,direct_shop,unknown,1,0,0,1,99.56
M01769,direct_shop,unknown,1,1,1,0,198.38
M01770,direct_shop,unknown,1,1,1,0,203.71
M01771,paid_social,unknown,1,0,0,0,97.18
M01772,organic_search,unknown,1,1,1,0,197.79
M01773,organic_search,unknown,0,0,0,1,47.3
M01774,paid_social,unknown,1,1,0,0,146.54
M01775,quiz,gut,1,1,1,0,200.42
M01776,paid_social,unknown,0,0,0,1,48.45
M01777,direct_shop,unknown,0,0,0,1,51.46
M01778,quiz,energy,0,0,0,1,44.79
M01779,paid_social,unknown,1,1,0,0,146.6
M01780,quiz,energy,0,0,0,1,50.14
M01781,organic_search,unknown,1,0,0,1,104.39
M01782,direct_shop,unknown,1,0,0,0,101.12
M01783,direct_shop,unknown,0,0,0,1,48.22
M01784,paid_social,unknown,1,1,0,0,145.5
M01785,organic_search,unknown,0,0,0,1,48.05
M01786,direct_shop,unknown,1,1,0,0,149.84
M01787,direct_shop,unknown,1,0,0,0,92.91
M01788,quiz,gut,1,1,1,0,196.32
M01789,direct_shop,unknown,0,0,0,1,47.78
M01790,quiz,gut,1,1,1,0,199.19
M01791,paid_social,unknown,1,1,1,0,199.8
M01792,direct_shop,unknown,0,0,0,1,48.16
M01793,paid_social,unknown,0,0,0,1,51.51
M01794,quiz,energy,0,0,0,1,50.36
M01795,quiz,energy,1,1,0,0,148.86
M01796,paid_social,unknown,1,0,0,0,101.91
M01797,quiz,sleep,1,0,0,0,101.67
M01798,quiz,energy,1,1,1,0,195.6
M01799,quiz,sleep,1,1,0,0,149.87
M01800,organic_search,unknown,0,0,0,1,52.66
M01801,paid_social,unknown,1,1,0,0,153.14
M01802,direct_shop,unknown,1,0,0,0,101.09
M01803,quiz,energy,1,1,0,0,149.27
M01804,quiz,gut,1,0,0,1,101.24
M01805,paid_social,unknown,1,1,0,0,152.39
M01806,paid_social,unknown,0,0,0,1,50.34
M01807,quiz,gut,1,1,1,0,200.65
M01808,quiz,energy,1,1,0,0,149.22
M01809,quiz,energy,0,0,0,1,45.98
M01810,paid_social,unknown,1,1,0,0,149.45
M01811,paid_social,unknown,0,0,0,1,47.96
M01812,quiz,gut,1,1,1,0,197.94
M01813,quiz,gut,1,1,1,0,204.26
M01814,quiz,sleep,1,1,1,0,202.81
M01815,organic_search,unknown,1,0,0,0,94.9
M01816,quiz,energy,1,1,0,0,146.72
M01817,paid_social,unknown,1,1,1,0,198.87
M01818,direct_shop,unknown,1,1,0,0,148.05
M01819,direct_shop,unknown,1,1,0,0,150.92
M01820,quiz,gut,1,1,1,0,196.23
M01821,quiz,gut,1,1,1,0,202.84
M01822,direct_shop,unknown,1,0,0,0,99.85
M01823,paid_social,unknown,1,1,1,0,198.94
M01824,direct_shop,unknown,1,0,0,0,99.94
M01825,direct_shop,unknown,1,0,0,0,98.73
M01826,quiz,gut,1,0,0,0,93.89
M01827,organic_search,unknown,0,0,0,1,50.03
M01828,paid_social,unknown,1,1,0,0,149.01
M01829,quiz,gut,1,1,0,0,147.11
M01830,organic_search,unknown,1,0,0,0,103.27
M01831,direct_shop,unknown,1,1,0,0,151.98
M01832,direct_shop,unknown,1,1,0,0,157.29
M01833,paid_social,unknown,0,0,0,1,52.49
M01834,paid_social,unknown,0,0,0,1,48.06
M01835,paid_social,unknown,1,1,0,0,147.25
M01836,quiz,gut,1,1,1,0,198.48
M01837,quiz,gut,0,0,0,1,47.99
M01838,organic_search,unknown,1,0,0,0,100.31
M01839,quiz,energy,1,1,1,0,195.34
M01840,direct_shop,unknown,1,1,1,0,201.9
M01841,direct_shop,unknown,0,0,0,1,50.26
M01842,direct_shop,unknown,0,0,0,1,51.59
M01843,direct_shop,unknown,0,0,0,1,46.56
M01844,organic_search,unknown,1,1,1,0,200.7
M01845,quiz,gut,0,0,0,1,53.89
M01846,quiz,sleep,0,0,0,1,47.41
M01847,quiz,sleep,0,0,0,1,47.33
M01848,organic_search,unknown,1,1,1,0,202.1
M01849,direct_shop,unknown,1,1,0,0,147.06
M01850,quiz,gut,1,1,1,0,199.26
M01851,paid_social,unknown,0,0,0,1,54.42
M01852,organic_search,unknown,1,0,0,0,97.36
M01853,paid_social,unknown,1,0,0,1,104.61
M01854,organic_search,unknown,1,0,0,0,98.97
M01855,quiz,energy,1,1,1,0,196.6
M01856,paid_social,unknown,1,1,1,0,201.77
M01857,direct_shop,unknown,1,0,0,1,100.3
M01858,paid_social,unknown,1,1,0,0,150.01
M01859,paid_social,unknown,1,1,1,0,197.65
M01860,paid_social,unknown,0,0,0,1,50.29
M01861,paid_social,unknown,1,0,0,0,93.78
M01862,quiz,gut,0,0,0,1,50.65
M01863,direct_shop,unknown,1,1,1,0,203.85
M01864,organic_search,unknown,0,0,0,1,44.69
M01865,organic_search,unknown,1,1,0,0,148.75
M01866,quiz,sleep,1,1,0,0,147.35
M01867,quiz,gut,1,0,0,1,95.45
M01868,quiz,energy,1,1,0,0,143.81
M01869,paid_social,unknown,0,0,0,1,46.45
M01870,paid_social,unknown,1,0,0,1,99.25
M01871,quiz,energy,0,0,0,1,53.44
M01872,direct_shop,unknown,1,0,0,1,95.41
M01873,paid_social,unknown,1,1,0,0,150.85
M01874,paid_social,unknown,1,0,0,0,100.64
M01875,direct_shop,unknown,1,1,0,0,154.99
M01876,direct_shop,unknown,1,0,0,0,101.69
M01877,direct_shop,unknown,0,0,0,1,51.88
M01878,quiz,gut,1,0,0,0,102.08
M01879,direct_shop,unknown,1,0,0,1,97.21
M01880,paid_social,unknown,1,1,1,0,198.24
M01881,organic_search,unknown,1,1,0,0,153.32
M01882,direct_shop,unknown,1,1,1,0,193.81
M01883,paid_social,unknown,1,0,0,0,97.93
M01884,quiz,gut,0,0,0,1,46.0
M01885,direct_shop,unknown,1,0,0,0,100.68
M01886,quiz,energy,1,0,0,1,98.72
M01887,quiz,energy,1,1,1,0,201.84
M01888,paid_social,unknown,1,1,0,0,149.64
M01889,organic_search,unknown,0,0,0,1,45.35
M01890,quiz,gut,1,1,0,0,145.47
M01891,direct_shop,unknown,0,0,0,1,49.97
M01892,paid_social,unknown,1,1,0,0,147.66
M01893,quiz,energy,1,1,0,0,148.37
M01894,direct_shop,unknown,1,1,1,0,202.78
M01895,paid_social,unknown,1,1,0,0,152.25
M01896,direct_shop,unknown,1,0,0,0,105.37
M01897,quiz,gut,1,1,1,0,199.01
M01898,direct_shop,unknown,0,0,0,1,48.07
M01899,paid_social,unknown,0,0,0,1,51.24
M01900,direct_shop,unknown,1,0,0,0,98.3
M01901,quiz,energy,0,0,0,1,48.41
M01902,paid_social,unknown,1,1,0,0,149.36
M01903,quiz,gut,1,1,1,0,204.92
M01904,paid_social,unknown,1,1,0,0,152.08
M01905,quiz,sleep,1,1,0,0,152.4
M01906,organic_search,unknown,1,1,0,0,154.79
M01907,direct_shop,unknown,0,0,0,1,52.7
M01908,quiz,gut,1,0,0,1,96.59
M01909,quiz,gut,0,0,0,1,52.65
M01910,quiz,gut,1,0,0,1,103.02
M01911,organic_search,unknown,0,0,0,1,51.95
M01912,organic_search,unknown,0,0,0,1,49.4
M01913,direct_shop,unknown,0,0,0,1,51.63
M01914,direct_shop,unknown,1,1,0,0,149.91
M01915,paid_social,unknown,0,0,0,1,47.06
M01916,organic_search,unknown,1,0,0,0,97.79
M01917,direct_shop,unknown,1,0,0,0,102.09
M01918,direct_shop,unknown,1,1,0,0,147.25
M01919,direct_shop,unknown,0,0,0,1,47.56
M01920,paid_social,unknown,1,0,0,0,102.24
M01921,quiz,gut,0,0,0,1,50.39
M01922,direct_shop,unknown,1,0,0,0,101.71
M01923,direct_shop,unknown,1,1,1,0,196.27
M01924,paid_social,unknown,0,0,0,1,51.64
M01925,quiz,energy,1,0,0,1,98.0
M01926,direct_shop,unknown,1,0,0,0,96.93
M01927,direct_shop,unknown,1,1,1,0,198.44
M01928,direct_shop,unknown,1,0,0,0,104.07
M01929,quiz,gut,1,0,0,0,98.89
M01930,direct_shop,unknown,1,1,0,0,156.57
M01931,direct_shop,unknown,1,1,1,0,193.77
M01932,direct_shop,unknown,1,0,0,0,95.34
M01933,direct_shop,unknown,1,0,0,0,103.95
M01934,paid_social,unknown,0,0,0,1,54.72
M01935,paid_social,unknown,1,1,1,0,197.37
M01936,quiz,sleep,1,0,0,1,100.19
M01937,paid_social,unknown,1,1,1,0,202.1
M01938,direct_shop,unknown,0,0,0,1,49.3
M01939,quiz,gut,1,1,1,0,200.41
M01940,quiz,gut,1,1,0,0,150.0
M01941,quiz,gut,1,0,0,0,95.54
M01942,paid_social,unknown,0,0,0,1,48.96
M01943,paid_social,unknown,0,0,0,1,50.03
M01944,paid_social,unknown,1,1,1,0,200.27
M01945,direct_shop,unknown,0,0,0,1,44.8
M01946,direct_shop,unknown,0,0,0,1,52.25
M01947,quiz,gut,0,0,0,1,50.38
M01948,quiz,gut,1,0,0,0,96.81
M01949,direct_shop,unknown,1,1,1,0,205.36
M01950,quiz,gut,1,1,1,0,198.92
M01951,quiz,gut,1,0,0,0,99.14
M01952,direct_shop,unknown,1,0,0,0,101.91
M01953,paid_social,unknown,1,1,1,0,205.61
M01954,organic_search,unknown,1,0,0,0,102.02
M01955,organic_search,unknown,1,0,0,0,102.46
M01956,direct_shop,unknown,0,0,0,1,46.99
M01957,direct_shop,unknown,1,0,0,1,100.24
M01958,direct_shop,unknown,1,1,1,0,198.36
M01959,paid_social,unknown,0,0,0,1,52.1
M01960,quiz,gut,1,1,1,0,202.35
M01961,direct_shop,unknown,0,0,0,1,54.89
M01962,paid_social,unknown,1,0,0,1,93.5
M01963,direct_shop,unknown,1,1,1,0,198.07
M01964,direct_shop,unknown,1,1,0,0,153.87
M01965,direct_shop,unknown,1,1,1,0,195.76
M01966,quiz,energy,0,0,0,1,52.41
M01967,direct_shop,unknown,1,1,0,0,153.37
M01968,quiz,energy,1,1,1,0,199.87
M01969,quiz,gut,1,0,0,1,95.72
M01970,quiz,gut,1,1,1,0,199.6
M01971,paid_social,unknown,0,0,0,1,54.37
M01972,quiz,sleep,0,0,0,1,54.61
M01973,direct_shop,unknown,0,0,0,1,50.61
M01974,quiz,energy,1,1,1,0,197.03
M01975,organic_search,unknown,1,0,0,1,105.2
M01976,quiz,energy,1,1,0,0,152.43
M01977,direct_shop,unknown,1,1,1,0,197.23
M01978,organic_search,unknown,0,0,0,1,51.02
M01979,paid_social,unknown,1,0,0,0,100.87
M01980,quiz,gut,1,0,0,1,98.07
M01981,paid_social,unknown,0,0,0,1,51.03
M01982,direct_shop,unknown,1,1,1,0,203.28
M01983,direct_shop,unknown,1,0,0,1,99.09
M01984,quiz,energy,1,1,0,0,153.59
M01985,quiz,energy,1,1,1,0,194.69
M01986,paid_social,unknown,0,0,0,1,56.64
M01987,direct_shop,unknown,1,1,1,0,200.13
M01988,direct_shop,unknown,0,0,0,1,53.21
M01989,paid_social,unknown,1,1,1,0,200.62
M01990,paid_social,unknown,0,0,0,1,47.52
M01991,quiz,energy,0,0,0,1,49.88
M01992,direct_shop,unknown,1,1,1,0,194.23
M01993,quiz,sleep,1,1,0,0,152.04
M01994,paid_social,unknown,1,0,0,1,100.56
M01995,paid_social,unknown,0,0,0,1,49.42
M01996,organic_search,unknown,1,1,1,0,202.22
M01997,quiz,gut,1,1,0,0,150.08
M01998,quiz,gut,0,0,0,1,51.81
M01999,quiz,energy,1,1,1,0,202.85
